nom,prix,adresse,image_lien
Mouton,250000.0,"Dakar, Sénégal",https://images.coinafrique.com/thumb_2931779_uploaded_image1_1612447964.jpg
Moutons,200000.0,"Mbao, Dakar, Sénégal",https://images.coinafrique.com/thumb_2931611_uploaded_image1_1612443667.jpg
Mouton,300000.0,"Guediawaye, Dakar, Sénégal",https://images.coinafrique.com/thumb_2929533_uploaded_image1_1612364591.jpg
Moutons,250000.0,"Mbao, Dakar, Sénégal",https://images.coinafrique.com/thumb_2923628_uploaded_image1_1612181597.jpg
Mouton  Ladoum,1500000.0,"Louga, Sénégal",https://images.coinafrique.com/thumb_2923489_uploaded_image1_1612179015.jpg
Mouton,250000.0,"Guediawaye, Dakar, Sénégal",https://images.coinafrique.com/thumb_2922356_uploaded_image1_1612126358.jpg
Bélier azawak,300000.0,"Keur Massar, Sénégal",https://images.coinafrique.com/thumb_2920865_uploaded_image1_1612027206.jpg
Mouton,130000.0,"Patte d'oie, Dakar, Sénégal",https://images.coinafrique.com/thumb_2907814_uploaded_image1_1611412258.jpg
Chèvre,50000.0,"Louga, Sénégal",https://images.coinafrique.com/thumb_2897354_uploaded_image1_1610964651.jpg
Mouton Azawat,250000.0,"Ouakam, Dakar, Sénégal",https://images.coinafrique.com/thumb_2885448_uploaded_image1_1610450831.jpg
Mouton Azawat,250000.0,"Ouakam, Dakar, Sénégal",https://images.coinafrique.com/thumb_2885428_uploaded_image1_1610450476.jpg
Moto assawat,175.0,"Kayar, Sénégal",https://images.coinafrique.com/thumb_2882279_uploaded_image1_1610319596.jpg
Mouton Ladoum,400000.0,"Dakar Plateau, Dakar, Sénégal",https://images.coinafrique.com/thumb_2873055_uploaded_image1_1609937413.jpg
Moutons Ladoum,400000.0,"Dakar Plateau, Dakar, Sénégal",https://images.coinafrique.com/thumb_2872968_uploaded_image1_1609935438.jpg
Mouton Azawate,300000.0,"Saint Louis, Sénégal",https://images.coinafrique.com/thumb_2860328_uploaded_image1_1609342630.jpg
Moutons,2000000.0,"Guediawaye, Dakar, Sénégal",https://images.coinafrique.com/thumb_2858185_uploaded_image1_1609240683.jpg
Mouton ladoum,700000.0,"Ouakam, Dakar, Sénégal",https://images.coinafrique.com/thumb_2841419_uploaded_image1_1608390405.jpg
Mouton,200000.0,"Keur Massar, Sénégal",https://images.coinafrique.com/thumb_2840303_uploaded_image1_1608327135.jpg
Mouton Ladoum,475000.0,"Pikine, Sénégal",https://images.coinafrique.com/thumb_2836401_uploaded_image1_1608196450.jpg
Moutons,650000.0,"Dakar, Sénégal",https://images.coinafrique.com/thumb_2829249_uploaded_image1_1607913189.jpg
Mouton mâle fils - pur sang,600000.0,"Louga, Sénégal",https://images.coinafrique.com/thumb_2811883_uploaded_image1_1607200860.jpg
Mouton Ladoum,8500000.0,"Louga, Sénégal",https://images.coinafrique.com/thumb_2796870_uploaded_image1_1606736518.jpg
Mouton Ladoum,750.0,"Guediawaye, Dakar, Sénégal",https://images.coinafrique.com/thumb_2795953_uploaded_image1_1606693358.jpg
Moutons,400000.0,"Dakar, Sénégal",https://images.coinafrique.com/thumb_2795474_uploaded_image1_1606671417.jpg
Mouton Ladoum,1500000.0,"Kébémer, Sénégal",https://images.coinafrique.com/thumb_2789124_uploaded_image1_1606398488.jpg
Mouton ladoum,1000000.0,"Kébémer, Sénégal",https://images.coinafrique.com/thumb_2789110_uploaded_image1_1606398269.jpg
Femelles ladoum,275000.0,"Dakar, Sénégal",https://images.coinafrique.com/thumb_2781792_uploaded_image1_1606140774.jpg
Mouton,5000000.0,"Louga, Sénégal",https://images.coinafrique.com/thumb_2779632_uploaded_image1_1606050129.jpg
Mouton femelle,765809243.0,"Keur Massar, Sénégal",https://images.coinafrique.com/thumb_2765878_uploaded_image1_1605534943.jpg
Moutons,425000.0,"Dieuppeul-Derklé, Dakar, Sénégal",https://images.coinafrique.com/thumb_2746543_uploaded_image1_1604796778.jpg
Moutons,1700000.0,"Ouest Foire, Dakar, Sénégal",https://images.coinafrique.com/thumb_2736437_uploaded_image1_1604452585.jpg
Couple mouton,1750000.0,"Dakar, Sénégal",https://images.coinafrique.com/thumb_2735771_uploaded_image1_1604430779.jpg
Mouton Ladoume couple,1750000.0,"Dakar, Sénégal",https://images.coinafrique.com/thumb_2735066_uploaded_image1_1604415830.jpg
Mouton Ladoum,2500000.0,"Dakar, Sénégal",https://images.coinafrique.com/thumb_2705668_uploaded_image1_1603132464.jpg
Mouton Ladoum Pur sang,750000.0,"Guediawaye, Dakar, Sénégal",https://images.coinafrique.com/thumb_2704105_uploaded_image1_1603067046.jpg
Mouton Ladoum pur sang,400.0,"Dakar, Sénégal",https://images.coinafrique.com/thumb_2703872_uploaded_image1_1603056630.jpg
Mouton Anaux,400000.0,"Louga, Sénégal",https://images.coinafrique.com/thumb_2675861_uploaded_image1_1601992787.jpg
Mouton,850000.0,"Parcelle Assainies, Dakar, Sénégal",https://images.coinafrique.com/thumb_2671650_uploaded_image1_1601824346.jpg
Mouton Ladoum,450000.0,"Parcelle Assainies, Dakar, Sénégal",https://images.coinafrique.com/thumb_2671636_uploaded_image1_1601823931.jpg
Ladoum,2000000.0,"Patte d'oie, Dakar, Sénégal",https://images.coinafrique.com/thumb_2671450_uploaded_image1_1601818687.jpg
Mouton ladoum,450000.0,"Guediawaye, Dakar, Sénégal",https://images.coinafrique.com/thumb_2667623_uploaded_image1_1601667628.jpg
Mouton Ladoum,500000.0,"Fatick, Sénégal",https://images.coinafrique.com/thumb_2665289_uploaded_image1_1601598363.jpg
Mouton Ladoum,690000.0,"Mermoz-Sacré Coeur, Dakar, Sénégal",https://images.coinafrique.com/thumb_2664213_uploaded_image1_1601565887.jpg
Azawat pur sang,1200000.0,"Dakar, Sénégal",https://images.coinafrique.com/thumb_2645571_uploaded_image1_1600821862.jpg
Mouton Azawat pur sang,1000000.0,"Mbao, Dakar, Sénégal",https://images.coinafrique.com/thumb_2645562_uploaded_image1_1600821694.jpg
Mouton métisse Ladoum Azawat,175000.0,"Mbao, Dakar, Sénégal",https://images.coinafrique.com/thumb_2639328_uploaded_image1_1600604046.jpg
Moutons,850000.0,"Louga, Sénégal",https://images.coinafrique.com/thumb_2638675_uploaded_image1_1600558405.jpg
Mouton ladoum pur sang,4000000.0,"Mbour, Sénégal",https://images.coinafrique.com/thumb_2638276_uploaded_image1_1600545322.jpg
Moutons,650000.0,"Louga, Sénégal",https://images.coinafrique.com/thumb_2637096_uploaded_image1_1600510099.jpg
Mouton ladoum pur-sang,350000.0,"Pikine, Sénégal",https://images.coinafrique.com/thumb_2636994_uploaded_image1_1600508167.jpg
Ladoum,1700000.0,"Dakar, Sénégal",https://images.coinafrique.com/thumb_2628237_uploaded_image1_1600190177.jpg
Mouton azawat,300000.0,"Dakar, Sénégal",https://images.coinafrique.com/thumb_2628137_uploaded_image1_1600186458.jpg
Mouton Ladoum,1000000.0,"Dakar, Sénégal",https://images.coinafrique.com/thumb_2624094_uploaded_image1_1600052514.jpg
Mouton Ladoum,290000.0,"Medina, Dakar, Sénégal",https://images.coinafrique.com/thumb_2623905_uploaded_image1_1600038049.jpg
Mouton Ladoum,700000.0,"Guediawaye, Dakar, Sénégal",https://images.coinafrique.com/thumb_2608018_uploaded_image1_1599498878.jpg
Femelle Ladoum,200000.0,"Guediawaye, Dakar, Sénégal",https://images.coinafrique.com/thumb_2604229_uploaded_image1_1599359051.jpg
Mâle ladoum,5000000.0,"Rufisque, Sénégal",https://images.coinafrique.com/thumb_2586236_uploaded_image1_1598793448.jpg
Mouton,20000.0,"Parcelle Assainies, Dakar, Sénégal",https://images.coinafrique.com/thumb_2547237_uploaded_image1_1597541401.jpg
Mouton Azawat,200000.0,"Ouakam, Dakar, Sénégal",https://images.coinafrique.com/thumb_2542950_uploaded_image1_1597407503.jpg
Mouton Azawat,200000.0,"Ouakam, Dakar, Sénégal",https://images.coinafrique.com/thumb_2542938_uploaded_image1_1597407288.jpg
Mouton,155000.0,"Ouakam, Dakar, Sénégal",https://images.coinafrique.com/thumb_2541479_uploaded_image1_1597356720.jpg
Mouton Ladoum,900000.0,"Ouest Foire, Dakar, Sénégal",https://images.coinafrique.com/thumb_2523326_uploaded_image1_1596842110.jpg
Mouton Ladoum,375000.0,"Medina, Dakar, Sénégal",https://images.coinafrique.com/thumb_2513524_uploaded_image1_1596584259.jpg
Mouton,200000.0,"Dakar, Sénégal",https://images.coinafrique.com/thumb_2497126_uploaded_image1_1596063608.jpg
Moutons,235000.0,"Mermoz-Sacré Coeur, Dakar, Sénégal",https://images.coinafrique.com/thumb_2496283_uploaded_image1_1596043331.jpg
Moutons,125000.0,"Yoff, Dakar, Sénégal",https://images.coinafrique.com/thumb_2495993_uploaded_image1_1596037794.jpg
Moutons,290000.0,"Yoff, Dakar, Sénégal",https://images.coinafrique.com/thumb_2495989_uploaded_image1_1596037715.jpg
Femelle Ladoum,900000.0,"Pikine, Sénégal",https://images.coinafrique.com/thumb_3206471_uploaded_image1_1625316470.jpg
Mouton,300000.0,"Mbao, Dakar, Sénégal",https://images.coinafrique.com/thumb_3205391_uploaded_image1_1625266676.jpg
Mouton,140.0,"Dakar, Sénégal",https://images.coinafrique.com/thumb_3205339_uploaded_image1_1625264856.jpg
Mouton,180.0,"Dakar, Sénégal",https://images.coinafrique.com/thumb_3205330_uploaded_image1_1625264648.jpg
Mouton,275000.0,"Mbao, Dakar, Sénégal",https://images.coinafrique.com/thumb_3204846_uploaded_image1_1625246548.jpg
Mouton,275000.0,"Fass, Dakar, Sénégal",https://images.coinafrique.com/thumb_3204834_uploaded_image1_1625246273.jpg
Mouton,800000.0,"Ouakam, Dakar, Sénégal",https://images.coinafrique.com/thumb_3204555_uploaded_image1_1625239320.jpg
Mouton,225000.0,"Mbao, Dakar, Sénégal",https://images.coinafrique.com/thumb_3204480_uploaded_image1_1625237163.jpg
Mouton,175.0,"Dakar, Sénégal",https://images.coinafrique.com/thumb_3202906_uploaded_image1_1625180117.jpg
Mouton,160000.0,"Parcelle Assainies, Dakar, Sénégal",https://images.coinafrique.com/thumb_3201379_uploaded_image1_1625143956.jpg
Mouton,160000.0,"Parcelle Assainies, Dakar, Sénégal",https://images.coinafrique.com/thumb_3201372_uploaded_image1_1625143821.jpg
Mouton,150000.0,"Parcelle Assainies, Dakar, Sénégal",https://images.coinafrique.com/thumb_3201369_uploaded_image1_1625143772.jpg
Mouton,125000.0,"Cambérène, Dakar, Sénégal",https://images.coinafrique.com/thumb_3200161_uploaded_image1_1625100610.jpg
Mouton,200000.0,"Mbao, Dakar, Sénégal",https://images.coinafrique.com/thumb_3200136_uploaded_image1_1625099546.jpg
Mouton,300000.0,"Parcelle Assainies, Dakar, Sénégal",https://images.coinafrique.com/thumb_3199275_uploaded_image1_1625067348.jpg
Mouton,400000.0,"Mbour, Sénégal",https://images.coinafrique.com/thumb_3198958_uploaded_image1_1625057357.jpg
Mouton,180000.0,"Guediawaye, Dakar, Sénégal",https://images.coinafrique.com/thumb_3198840_uploaded_image1_1625053806.jpg
Mouton,190000.0,"Guediawaye, Dakar, Sénégal",https://images.coinafrique.com/thumb_3198836_uploaded_image1_1625053749.jpg
Mouton,200000.0,"Bambey, Sénégal",https://images.coinafrique.com/thumb_3198633_uploaded_image1_1625047751.jpg
Mouton,250000.0,"Louga, Sénégal",https://images.coinafrique.com/thumb_3198550_uploaded_image1_1625045565.jpg
Mouton Ladoum,400000.0,"Dakar, Sénégal",https://images.coinafrique.com/thumb_3198242_uploaded_image1_1625012362.jpg
Mouton,150000.0,"Parcelle Assainies, Dakar, Sénégal",https://images.coinafrique.com/thumb_3196963_uploaded_image1_1624961829.jpg
Mouton,170000.0,"Guediawaye, Dakar, Sénégal",https://images.coinafrique.com/thumb_3196628_uploaded_image1_1624924328.jpg
Mouton,250000.0,"Guediawaye, Dakar, Sénégal",https://images.coinafrique.com/thumb_3196624_uploaded_image1_1624923993.jpg
Mouton,350000.0,"Dakar, Sénégal",https://images.coinafrique.com/thumb_3196466_uploaded_image1_1624915953.jpg
Ladoum femelle,4000000.0,"Cambérène, Dakar, Sénégal",https://images.coinafrique.com/thumb_3196019_uploaded_image1_1624895865.jpg
Mouton,225000.0,"Bambey, Sénégal",https://images.coinafrique.com/thumb_3195290_uploaded_image1_1624872863.jpg
Mouton Azawatt,275000.0,"Mbao, Dakar, Sénégal",https://images.coinafrique.com/thumb_3194610_uploaded_image1_1624824162.jpg
Mouton tabaski,150000.0,"Ouakam, Dakar, Sénégal",https://images.coinafrique.com/thumb_3194403_uploaded_image1_1624812591.jpg
Mouton ladoume,6000.0,"Dakar, Sénégal",https://images.coinafrique.com/thumb_3194082_uploaded_image1_1624796630.jpg
Mouton,110000.0,"Medina, Dakar, Sénégal",https://images.coinafrique.com/thumb_3193581_uploaded_image1_1624744889.jpg
Mouton ladoum,500000.0,"Fann, Dakar, Sénégal",https://images.coinafrique.com/thumb_3193054_uploaded_image1_1624718835.jpg
Moutons,200000.0,"Bambey, Sénégal",https://images.coinafrique.com/thumb_3192678_uploaded_image1_1624702599.jpg
Mouton,165000.0,"Mbao, Dakar, Sénégal",https://images.coinafrique.com/thumb_3191908_uploaded_image1_1624648989.jpg
Moutons,135000.0,"Mbao, Dakar, Sénégal",https://images.coinafrique.com/thumb_3191902_uploaded_image1_1624648886.jpg
Mouton,300000.0,"Kaolack, Sénégal",https://images.coinafrique.com/thumb_3191774_uploaded_image1_1624643386.jpg
Mouton Ladoum,750000.0,"Dakar, Sénégal",https://images.coinafrique.com/thumb_3191637_uploaded_image1_1624636999.jpg
Mouton Ladoum,850000.0,"Keur Massar, Sénégal",https://images.coinafrique.com/thumb_3190361_uploaded_image1_1624567190.jpg
Mouton,350000.0,"Diourbel, Sénégal",https://images.coinafrique.com/thumb_3188982_uploaded_image1_1624518541.jpg
Mouton Ladoum,380000.0,"Mbour, Sénégal",https://images.coinafrique.com/thumb_3187256_uploaded_image1_1624441347.jpg
Mouton,380000.0,"Dakar, Sénégal",https://images.coinafrique.com/thumb_3187248_uploaded_image1_1624441209.jpg
Mouton,110000.0,"Cambérène, Dakar, Sénégal",https://images.coinafrique.com/thumb_3186295_uploaded_image1_1624384419.jpg
Moutons,300000.0,"Thies, Sénégal",https://images.coinafrique.com/thumb_3185715_uploaded_image1_1624365652.jpg
Mouton,900000.0,"Dakar, Sénégal",https://images.coinafrique.com/thumb_3185046_uploaded_image1_1624321625.jpg
Mouton,270.0,"Guediawaye, Dakar, Sénégal",https://images.coinafrique.com/thumb_3184064_uploaded_image3_1624284487.jpeg
Mouton  Ladoum,400000.0,"Cambérène, Dakar, Sénégal",https://images.coinafrique.com/thumb_3183168_uploaded_image1_1624244665.jpg
Mouton femelle Ladoum,400000.0,"Cambérène, Dakar, Sénégal",https://images.coinafrique.com/thumb_3183165_uploaded_image1_1624244094.jpg
Mouton,230000.0,"Diourbel, Sénégal",https://images.coinafrique.com/thumb_3182889_uploaded_image1_1624221319.jpg
Mouton,160.0,"Dakar, Sénégal",https://images.coinafrique.com/thumb_3182534_uploaded_image1_1624206611.jpg
Mouton,260.0,"Dakar, Sénégal",https://images.coinafrique.com/thumb_3182484_uploaded_image1_1624205128.jpg
Mouton,300.0,"Guediawaye, Dakar, Sénégal",https://images.coinafrique.com/thumb_3182105_uploaded_image1_1624185754.jpg
Mouton,450000.0,"Mbao, Dakar, Sénégal",https://images.coinafrique.com/thumb_3181577_uploaded_image1_1624130350.jpg
Mouton de tabaski,200.0,"Ouakam, Dakar, Sénégal",https://images.coinafrique.com/thumb_3181418_uploaded_image1_1624121733.jpg
Mouton de tabaski,200.0,"Ouakam, Dakar, Sénégal",https://images.coinafrique.com/thumb_3181349_uploaded_image1_1624118947.jpg
Mouton de Tabaski,110.0,"Guediawaye, Dakar, Sénégal",https://images.coinafrique.com/thumb_3180230_uploaded_image1_1624061332.jpg
Mouton Métisse Ladoum,250.0,"Guediawaye, Dakar, Sénégal",https://images.coinafrique.com/thumb_3180227_uploaded_image1_1624061168.jpg
Mouton,350.0,"Guediawaye, Dakar, Sénégal",https://images.coinafrique.com/thumb_3180224_uploaded_image1_1624060738.jpg
Mouton,375000.0,"Yoff, Dakar, Sénégal",https://images.coinafrique.com/thumb_3179377_uploaded_image1_1624027893.jpg
Mouton,90000.0,"Dakar, Sénégal",https://images.coinafrique.com/thumb_3179234_uploaded_image1_1624022290.jpg
Mouton,200.0,"Dakar, Sénégal",https://images.coinafrique.com/thumb_3179230_uploaded_image1_1624022226.jpg
Mouton,170.0,"Dakar, Sénégal",https://images.coinafrique.com/thumb_3179224_uploaded_image1_1624022161.jpg
Mouton,1750000.0,"Louga, Sénégal",https://images.coinafrique.com/thumb_3178805_uploaded_image1_1624009172.jpg
Mouton,220000.0,"Bambey, Sénégal",https://images.coinafrique.com/thumb_3177877_uploaded_image1_1623952035.jpg
Mouton,200000.0,"Medina, Dakar, Sénégal",https://images.coinafrique.com/thumb_3177020_uploaded_image1_1623924837.jpg
Mouton,350000.0,"Medina, Dakar, Sénégal",https://images.coinafrique.com/thumb_3177016_uploaded_image1_1623924734.jpg
Mouton femelle,250000.0,"Kaolack, Sénégal",https://images.coinafrique.com/thumb_3174378_uploaded_image1_1623791219.jpg
Mouton,200000.0,"Keur Massar, Sénégal",https://images.coinafrique.com/thumb_3173505_uploaded_image1_1623763219.jpg
Mouton,135000.0,"Dakar, Sénégal",https://images.coinafrique.com/thumb_3173381_uploaded_image1_1623760565.jpg
Mouton,175000.0,"Dakar, Sénégal",https://images.coinafrique.com/thumb_3173344_uploaded_image1_1623759565.jpg
Mouton Talabir,180000.0,"Guediawaye, Dakar, Sénégal",https://images.coinafrique.com/thumb_3172256_uploaded_image1_1623705348.jpg
Mouton Ladoum,2500000.0,"Ouest Foire, Dakar, Sénégal",https://images.coinafrique.com/thumb_3171633_uploaded_image1_1623682830.jpg
Mouton de tabaski,200000.0,"Dakar, Sénégal",https://images.coinafrique.com/thumb_3169999_uploaded_image3_1623598465.jpeg
Béliers,1000000.0,"Ouakam, Dakar, Sénégal",https://images.coinafrique.com/thumb_3168358_uploaded_image1_1623500455.jpg
Mouton,350000.0,"Touba, Sénégal",https://images.coinafrique.com/thumb_3165517_uploaded_image1_1623360217.jpg
Femelle azawatte pur sang - agneau ladoum,300.0,"Cambérène, Dakar, Sénégal",https://images.coinafrique.com/thumb_3646261_uploaded_image1_1649515763.jpg
Mouton Kharr Yarr,58000.0,"Yoff, Dakar, Sénégal",https://images.coinafrique.com/thumb_3644252_uploaded_image1_1649404728.jpg
Mouton,70000.0,"Guediawaye, Dakar, Sénégal",https://images.coinafrique.com/thumb_3639060_uploaded_image1_1649160271.jpg
Femelle Ladoum,700000.0,"Guédiawaye, Dakar, Sénégal",https://images.coinafrique.com/thumb_3612042_uploaded_image1_1647482923.jpg
Mouton Ladoum,500000.0,"Rufisque, Sénégal",https://images.coinafrique.com/thumb_3609797_uploaded_image2_1647356086.jpeg
Moutons,110000.0,"Pikine, Sénégal",https://images.coinafrique.com/thumb_3607678_uploaded_image1_1647257947.jpg
Mouton Ladoum,250.0,"Cambérène, Dakar, Sénégal",https://images.coinafrique.com/thumb_3603572_uploaded_image1_1646966277.jpg
Mouton mâle,850000.0,"Dakar, Sénégal",https://images.coinafrique.com/thumb_3596103_uploaded_image1_1646571552.jpg
Mouton Ladoum,600000.0,"Dakar, Sénégal",https://images.coinafrique.com/thumb_3587538_uploaded_image1_1646138700.jpg
Mouton femelle Ladoum,600000.0,"Dakar, Sénégal",https://images.coinafrique.com/thumb_3571469_uploaded_image1_1645100060.jpg
Mouton femelle Ladoum,300000.0,"Rufisque, Sénégal",https://images.coinafrique.com/thumb_3566393_uploaded_image1_1644779014.jpg
Moutons,400000.0,"Sacré-Coeur, Dakar, Sénégal",https://images.coinafrique.com/thumb_3552558_uploaded_image1_1643898213.jpg
Femmelle métisse Ladoum,100000.0,"Dakar, Sénégal",https://images.coinafrique.com/thumb_3543145_uploaded_image1_1643391739.jpg
Géniteur Ladoum,500000.0,"Dakar, Sénégal",https://images.coinafrique.com/thumb_3543142_uploaded_image1_1643391619.jpg
Mouton Géniteur Ladoum,500000.0,"Dakar, Sénégal",https://images.coinafrique.com/thumb_3543117_uploaded_image1_1643390803.jpg
Mouton ladoum,600000.0,"Dakar, Sénégal",https://images.coinafrique.com/thumb_3527221_uploaded_image1_1642363323.jpg
Femelle Ladoum,300000.0,"Mbao, Dakar, Sénégal",https://images.coinafrique.com/thumb_3526953_uploaded_image1_1642347009.jpg
Moutons,400000.0,"Louga, Sénégal",https://images.coinafrique.com/thumb_3525532_uploaded_image1_1642243253.jpg
Moutons,150000.0,"Rufisque, Sénégal",https://images.coinafrique.com/thumb_3515632_uploaded_image1_1641663090.jpg
Mouton Azawate pur sang,500000.0,"Dakar, Sénégal",https://images.coinafrique.com/thumb_3503706_uploaded_image1_1640971116.jpg
Moutons,200000.0,"Dakar, Sénégal",https://images.coinafrique.com/thumb_3496815_uploaded_image1_1640366315.jpg
Mouton Azawate,350000.0,"Louga, Sénégal",https://images.coinafrique.com/thumb_3486760_uploaded_image1_1639660650.jpg
Moutons,300.0,"Mbao, Dakar, Sénégal",https://images.coinafrique.com/thumb_3456566_uploaded_image1_1638016401.jpg
Moutons,50000.0,"Mbao, Dakar, Sénégal",https://images.coinafrique.com/thumb_3456563_uploaded_image1_1638016216.jpg
Mouton,250.0,"Mbao, Dakar, Sénégal",https://images.coinafrique.com/thumb_3454257_uploaded_image1_1637855765.jpg
Mouton Ladoum,350.0,"Dakar, Sénégal",https://images.coinafrique.com/thumb_3454225_uploaded_image1_1637855052.jpg
Mouton,300000.0,"Dakar, Sénégal",https://images.coinafrique.com/thumb_3446605_uploaded_image1_1637399721.jpg
Couple Ladoum,1700000.0,"Touba, Sénégal",https://images.coinafrique.com/thumb_3445236_uploaded_image1_1637317352.jpg
Mouton femelle Ladoum,150000.0,"Keur Massar, Sénégal",https://images.coinafrique.com/thumb_3429271_uploaded_image1_1636462297.jpg
Mouton Ladoum,250000.0,"Keur Massar, Sénégal",https://images.coinafrique.com/thumb_3429263_uploaded_image1_1636462077.jpg
Couple mouton Ladoum,1300000.0,"Mbour, Sénégal",https://images.coinafrique.com/thumb_3422330_uploaded_image1_1636107210.jpg
Mouton ladoum,700000.0,"Keur Massar, Sénégal",https://images.coinafrique.com/thumb_3414402_uploaded_image1_1635783882.jpg
Mouton mâle ladoum,1200000.0,"Guediawaye, Dakar, Sénégal",https://images.coinafrique.com/thumb_3409172_uploaded_image1_1635466267.jpg
Mouton Ladoum,900000.0,"Mbao, Dakar, Sénégal",https://images.coinafrique.com/thumb_3384593_uploaded_image1_1634153699.jpg
Mouton ladoum,550000.0,"Pikine, Sénégal",https://images.coinafrique.com/thumb_3378597_uploaded_image1_1633868418.jpg
Ladoum,225000.0,"Cambérène, Dakar, Sénégal",https://images.coinafrique.com/thumb_3360594_uploaded_image1_1633043657.jpg
Moutons,350000.0,"Rufisque, Sénégal",https://images.coinafrique.com/thumb_3340347_uploaded_image1_1631912774.jpg
Mouton femelle Ladoum,350000.0,"Ouakam, Dakar, Sénégal",https://images.coinafrique.com/thumb_3332059_uploaded_image1_1631529827.jpg
Femelle ladoum,750.0,"Dakar, Sénégal",https://images.coinafrique.com/thumb_3316286_uploaded_image1_1630764718.jpg
Mouton Ladoum,250000.0,"Dakar, Sénégal",https://images.coinafrique.com/thumb_3307175_uploaded_image1_1630433795.jpg
Mouton,350000.0,"Grand Yoff, Dakar, Sénégal",https://images.coinafrique.com/thumb_3301458_uploaded_image1_1630085911.jpg
Mouton,450000.0,"Dakar, Sénégal",https://images.coinafrique.com/thumb_3294990_uploaded_image1_1629756753.jpg
Mouton Ladoum,350000.0,"Cambérène, Dakar, Sénégal",https://images.coinafrique.com/thumb_3290373_uploaded_image1_1629478576.jpg
Mouton ladoum,500.0,"Pikine, Sénégal",https://images.coinafrique.com/thumb_3279053_uploaded_image1_1628891604.jpg
Mouton,850000.0,"Thies, Sénégal",https://images.coinafrique.com/thumb_3277445_uploaded_image1_1628816527.jpg
Mouton,800000.0,"Sicap Liberté, Dakar, Sénégal",https://images.coinafrique.com/thumb_3277039_uploaded_image1_1628794541.jpg
Mouton Ladoum,700000.0,"Kaolack, Sénégal",https://images.coinafrique.com/thumb_3273519_uploaded_image1_1628622023.jpg
Mouton Ladoum,400000.0,"Dakar, Sénégal",https://images.coinafrique.com/thumb_3265343_uploaded_image1_1628217266.jpg
Mouton Ladoum,800000.0,"Kaolack, Sénégal",https://images.coinafrique.com/thumb_3264122_uploaded_image1_1628168990.jpg
Mouton Ladoum,800000.0,"Kaolack, Sénégal",https://images.coinafrique.com/thumb_3263932_uploaded_image1_1628163711.jpg
Mouton Ladoum,1200000.0,"Dakar, Sénégal",https://images.coinafrique.com/thumb_3262861_uploaded_image1_1628108388.jpg
Mouton,350000.0,"Louga, Sénégal",https://images.coinafrique.com/thumb_3256366_uploaded_image1_1627888936.jpg
Mouton Ladoum,800.0,"Dakar, Sénégal",https://images.coinafrique.com/thumb_3256042_uploaded_image1_1627857961.jpg
Mouton,130000.0,"Hann Bel-Air, Dakar, Sénégal",https://images.coinafrique.com/thumb_3236341_uploaded_image1_1626696217.jpg
Mouton,280000.0,"Yoff, Dakar, Sénégal",https://images.coinafrique.com/thumb_3235838_uploaded_image1_1626653479.jpg
Mouton,160000.0,"Yoff, Dakar, Sénégal",https://images.coinafrique.com/thumb_3235834_uploaded_image1_1626653333.jpg
Mouton,180000.0,"Cambérène, Dakar, Sénégal",https://images.coinafrique.com/thumb_3235588_uploaded_image1_1626638191.jpg
Mouton,250000.0,"Guediawaye, Dakar, Sénégal",https://images.coinafrique.com/thumb_3235086_uploaded_image1_1626609562.jpg
Mouton,400000.0,"Grand Yoff, Dakar, Sénégal",https://images.coinafrique.com/thumb_3234604_uploaded_image1_1626553559.jpg
Mouton,3500000.0,"Kaolack, Sénégal",https://images.coinafrique.com/thumb_3754057_uploaded_image1_1655926556.jpg
Mouton,300000.0,"Bambey, Sénégal",https://images.coinafrique.com/thumb_3752760_uploaded_image1_1655859669.jpg
Mouton,220000.0,"Pikine, Sénégal",https://images.coinafrique.com/thumb_3752267_uploaded_image1_1655828753.jpg
Mouton,95000.0,"Pikine, Sénégal",https://images.coinafrique.com/thumb_3751345_uploaded_image1_1655773668.jpg
Mouton,120000.0,"Yoff, Dakar, Sénégal",https://images.coinafrique.com/thumb_3750310_uploaded_image3_1655725970.jpeg
Mouton,250000.0,"Guédiawaye, Dakar, Sénégal",https://images.coinafrique.com/thumb_3749119_uploaded_image1_1655641651.jpg
Mouton,270000.0,"Dakar, Sénégal",https://images.coinafrique.com/thumb_3748949_uploaded_image1_1655629143.jpg
Mouton,200000.0,"Dakar, Sénégal",https://images.coinafrique.com/thumb_3748117_uploaded_image1_1655559635.jpg
Femelle Ladoum,350000.0,"Keur Massar, Sénégal",https://images.coinafrique.com/thumb_3748069_uploaded_image1_1655556870.jpg
Mouton,100000.0,"Pikine, Sénégal",https://images.coinafrique.com/thumb_3747590_uploaded_image1_1655508526.jpg
Mouton,310000.0,"Mbao, Dakar, Sénégal",https://images.coinafrique.com/thumb_3745653_uploaded_image1_1655401105.jpg
Moutons,170000.0,"Keur Massar, Sénégal",https://images.coinafrique.com/thumb_3743769_uploaded_image1_1655302413.jpg
Mouton,900000.0,"Louga, Sénégal",https://images.coinafrique.com/thumb_3742816_uploaded_image1_1655253314.jpg
Mouton,300000.0,"Guediawaye, Dakar, Sénégal",https://images.coinafrique.com/thumb_3742320_uploaded_image1_1655230625.jpg
Mouton,160000.0,"Dakar, Sénégal",https://images.coinafrique.com/thumb_3736702_uploaded_image1_1654894182.jpg
Mouton,250000.0,"Les Parcelles Assainies, Dakar, Sénégal",https://images.coinafrique.com/thumb_3735519_uploaded_image1_1654848015.jpg
Mouton,300000.0,"Dakar, Sénégal",https://images.coinafrique.com/thumb_3732948_uploaded_image1_1654702182.jpg
Moutons,225000.0,"Keur Massar, Sénégal",https://images.coinafrique.com/thumb_3732631_uploaded_image1_1654692495.jpg
Moutons,225000.0,"Mbao, Dakar, Sénégal",https://images.coinafrique.com/thumb_3732578_uploaded_image1_1654691530.jpg
Mouton,400000.0,"Rufisque, Sénégal",https://images.coinafrique.com/thumb_3731518_uploaded_image1_1654628492.jpg
Moutons,180000.0,"Niaga, Sénégal",https://images.coinafrique.com/thumb_3731483_uploaded_image1_1654627467.jpg
Mouton,410000.0,"Matam, Sénégal",https://images.coinafrique.com/thumb_3731236_uploaded_image1_1654619695.jpg
Mouton,350000.0,"Dakar, Sénégal",https://images.coinafrique.com/thumb_3730353_uploaded_image1_1654593285.jpg
Mouton,250000.0,"Ouakam, Dakar, Sénégal",https://images.coinafrique.com/thumb_3729734_uploaded_image1_1654542988.jpg
Mouton,250000.0,"Ouakam, Dakar, Sénégal",https://images.coinafrique.com/thumb_3729535_uploaded_image1_1654533690.jpg
Mouton,180000.0,"Rufisque, Sénégal",https://images.coinafrique.com/thumb_3729435_uploaded_image1_1654530658.jpg
Mouton azawad,275000.0,"Tambacounda, Sénégal",https://images.coinafrique.com/thumb_3726130_uploaded_image1_1654328145.jpg
Moutons,165000.0,"Dakar, Sénégal",https://images.coinafrique.com/thumb_3726012_uploaded_image1_1654307200.jpg
Moutons,1700000.0,"Mbour, Sénégal",https://images.coinafrique.com/thumb_3725800_uploaded_image1_1654289692.jpg
Mouton,160000.0,"Dakar, Sénégal",https://images.coinafrique.com/thumb_3722202_uploaded_image1_1654130918.jpg
Mouton azawat,850000.0,"Thies, Sénégal",https://images.coinafrique.com/thumb_3721884_uploaded_image1_1654116831.jpg
Mouton,300.0,"Dakar, Sénégal",https://images.coinafrique.com/thumb_3717423_uploaded_image1_1653909278.jpg
Mouton,70000.0,"Yoff, Dakar, Sénégal",https://images.coinafrique.com/thumb_3716695_uploaded_image1_1653852510.jpg
Mouton,110000.0,"Yoff, Dakar, Sénégal",https://images.coinafrique.com/thumb_3716691_uploaded_image1_1653852361.jpg
Moutons,170000.0,"Parcelle Assainies, Dakar, Sénégal",https://images.coinafrique.com/thumb_3716241_uploaded_image1_1653825192.jpg
Mouton ladoum métisse azawatte,140000.0,"Cambérène, Dakar, Sénégal",https://images.coinafrique.com/thumb_3716133_uploaded_image1_1653817806.jpg
Mouton ladoum,350000.0,"Cambérène, Dakar, Sénégal",https://images.coinafrique.com/thumb_3716131_uploaded_image1_1653817430.jpg
Mouton ladoum,850000.0,"Mbour, Sénégal",https://images.coinafrique.com/thumb_3714750_uploaded_image1_1653686794.jpg
Mouton ladoum,850000.0,"Mbour, Sénégal",https://images.coinafrique.com/thumb_3714745_uploaded_image1_1653686585.jpg
Mouton Azawad,230000.0,"Guediawaye, Dakar, Sénégal",https://images.coinafrique.com/thumb_3713044_uploaded_image1_1653584135.jpg
Mâle Ladoum,575000.0,"Pikine, Sénégal",https://images.coinafrique.com/thumb_3711949_uploaded_image1_1653514161.jpg
Femelle ladoum,450000.0,"Pikine, Sénégal",https://images.coinafrique.com/thumb_3711943_uploaded_image1_1653513923.jpg
Mouton,350000.0,"Mbao, Dakar, Sénégal",https://images.coinafrique.com/thumb_3709012_uploaded_image1_1653357364.jpg
Mouton,600000.0,"Kaolack, Sénégal",https://images.coinafrique.com/thumb_3707762_uploaded_image1_1653300543.jpg
Mouton Ladoum,600000.0,"Kaolack, Sénégal",https://images.coinafrique.com/thumb_3705520_uploaded_image1_1653135164.jpg
Mouton,160000.0,"Rufisque, Sénégal",https://images.coinafrique.com/thumb_3705038_uploaded_image1_1653088289.jpg
Mouton,180000.0,"Rufisque, Sénégal",https://images.coinafrique.com/thumb_3705034_uploaded_image1_1653087858.jpg
Mouton,325.0,"Dakar, Sénégal",https://images.coinafrique.com/thumb_3704976_uploaded_image1_1653084186.jpg
Mouton,375000.0,"Dakar, Sénégal",https://images.coinafrique.com/thumb_3704138_uploaded_image1_1653045779.jpg
Mouton,300.0,"Dakar, Sénégal",https://images.coinafrique.com/thumb_3704136_uploaded_image1_1653045714.jpg
Femelle ladum,175000.0,"Keur Massar, Sénégal",https://images.coinafrique.com/thumb_3695634_uploaded_image1_1652525152.jpg
Femelle ladoum,1000000.0,"Guediawaye, Dakar, Sénégal",https://images.coinafrique.com/thumb_3695058_uploaded_image2_1652473213.jpeg
Mouton Ladoum,1500000.0,"Guediawaye, Dakar, Sénégal",https://images.coinafrique.com/thumb_3695055_uploaded_image1_1652473049.jpg
Femelle gastante + brebis,800.0,"Touba, Sénégal",https://images.coinafrique.com/thumb_3684621_uploaded_image1_1651869421.jpg
Mouton,800000.0,"Keur Massar, Sénégal",https://images.coinafrique.com/thumb_3684289_uploaded_image1_1651854542.jpg
Ladoum,800000.0,"Keur Massar, Sénégal",https://images.coinafrique.com/thumb_3679572_uploaded_image1_1651617272.jpg
Mouton,500.0,"Dakar, Sénégal",https://images.coinafrique.com/thumb_3672395_uploaded_image1_1651111144.jpg
Mouton,70000.0,"Guediawaye, Dakar, Sénégal",https://images.coinafrique.com/thumb_3668212_uploaded_image1_1650877230.jpg
Mouton Azawat,500000.0,"Guediawaye, Dakar, Sénégal",https://images.coinafrique.com/thumb_3667710_uploaded_image1_1650822216.jpg
Mouton,300.0,"Thies, Sénégal",https://images.coinafrique.com/thumb_3660872_uploaded_image1_1650392387.jpg
Mouton Ladoum,500000.0,"Mbour, Sénégal",https://images.coinafrique.com/thumb_3657180_uploaded_image3_1650144422.jpeg
Mouton azawatte + agneau,300.0,"Cambérène, Dakar, Sénégal",https://images.coinafrique.com/thumb_3656187_uploaded_image1_1650082241.jpg
Mouton Ladoum,800000.0,"Dakar, Sénégal",https://images.coinafrique.com/thumb_3652330_uploaded_image1_1649868482.jpg
Mouton,280.0,"Dakar, Sénégal",https://images.coinafrique.com/thumb_3652312_uploaded_image1_1649867764.jpg
Mouton Ladoum,600000.0,"Kaolack, Sénégal",https://images.coinafrique.com/thumb_3651908_uploaded_image2_1649854689.jpeg
Moutons,200000.0,"Guediawaye, Dakar, Sénégal",https://images.coinafrique.com/thumb_4042194_uploaded_image1_1673295765.jpg
Mouton ladoum,425000.0,"Niaga, Sénégal",https://images.coinafrique.com/thumb_4034404_uploaded_image1_1672852719.jpg
Mouton,350000.0,"Thies, Sénégal",https://images.coinafrique.com/thumb_4030108_uploaded_image1_1672623884.jpg
Mouton,385000.0,"Mbao, Dakar, Sénégal",https://images.coinafrique.com/thumb_4014306_uploaded_image1_1671394188.jpg
Mouton,120000.0,"Dakar, Sénégal",https://images.coinafrique.com/thumb_4012817_uploaded_image1_1671276487.jpg
Mouton,350000.0,"Sicap Liberté, Dakar, Sénégal",https://images.coinafrique.com/thumb_4009435_uploaded_image1_1671093107.jpg
Mouton,200000.0,"Guediawaye, Dakar, Sénégal",https://images.coinafrique.com/thumb_4009060_uploaded_image1_1671054917.jpg
Mouton,115000.0,"Mbao, Dakar, Sénégal",https://images.coinafrique.com/thumb_3978496_uploaded_image1_1669292801.jpg
Mouton,130000.0,"Ouest Foire, Dakar, Sénégal",https://images.coinafrique.com/thumb_3974793_uploaded_image1_1669059546.jpg
Mouton,375000.0,"Guediawaye, Dakar, Sénégal",https://images.coinafrique.com/thumb_3940258_uploaded_image1_1667000243.jpg
Mouton Ladoum,800000.0,"Guediawaye, Dakar, Sénégal",https://images.coinafrique.com/thumb_3940256_uploaded_image1_1667000061.jpg
Bélier,150000.0,"Guediawaye, Dakar, Sénégal",https://images.coinafrique.com/thumb_3936807_uploaded_image1_1666791545.jpg
Mouton,150000.0,"Guediawaye, Dakar, Sénégal",https://images.coinafrique.com/thumb_3936799_uploaded_image1_1666791400.jpg
Mouton ladoum,1200000.0,"Dakar, Sénégal",https://images.coinafrique.com/thumb_3899374_uploaded_image1_1664534117.jpg
Mouton,150000.0,"Guediawaye, Dakar, Sénégal",https://images.coinafrique.com/thumb_3934498_uploaded_image1_1666644087.jpg
Mouton,8000000.0,"Dakar, Sénégal",https://images.coinafrique.com/thumb_3926191_uploaded_image1_1666128324.jpg
Moutons,150000.0,"Mbour, Sénégal",https://images.coinafrique.com/thumb_3916727_uploaded_image1_1665570059.jpg
Moutons Jumeaux ladoums,600000.0,"Niaga, Sénégal",https://images.coinafrique.com/thumb_3911094_uploaded_image1_1665186116.jpg
Mouton,75000.0,"Pikine, Sénégal",https://images.coinafrique.com/thumb_3909426_uploaded_image1_1665077945.jpg
Moutons,150.0,"Guediawaye, Dakar, Sénégal",https://images.coinafrique.com/thumb_3899557_uploaded_image1_1664542375.jpg
Mouton,350.0,"Pikine, Sénégal",https://images.coinafrique.com/thumb_3882575_uploaded_image1_1663511718.jpg
Mouton femelle,130.0,"Keur Massar, Sénégal",https://images.coinafrique.com/thumb_3861563_uploaded_image1_1662234024.jpg
Mouton,375.0,"Keur Massar, Sénégal",https://images.coinafrique.com/thumb_3861555_uploaded_image1_1662233780.jpg
Mouton,67000.0,"Pikine, Sénégal",https://images.coinafrique.com/thumb_3859898_uploaded_image1_1662147807.jpg
Mouton Ladoum,800000.0,"Mariste, Dakar, Sénégal",https://images.coinafrique.com/thumb_3848488_uploaded_image1_1661546736.jpg
Mouton Ladoum,500000.0,"Mariste, Dakar, Sénégal",https://images.coinafrique.com/thumb_3848108_uploaded_image1_1661527150.jpg
Mouton,800000.0,"Thies, Sénégal",https://images.coinafrique.com/thumb_3848065_uploaded_image2_1661524823.jpeg
Mouton Ladoum,950.0,"Louga, Sénégal",https://images.coinafrique.com/thumb_3838007_uploaded_image1_1660937421.jpg
Femelle Ladoum,900000.0,"Ouest Foire, Dakar, Sénégal",https://images.coinafrique.com/thumb_3831016_uploaded_image1_1660570081.jpg
Moutons,325000.0,"Dakar, Sénégal",https://images.coinafrique.com/thumb_3772753_uploaded_image1_1657018572.jpg
Moutons tabaski,250000.0,"Dakar, Sénégal",https://images.coinafrique.com/thumb_3770553_uploaded_image1_1656895378.jpg
Moutons tabaski,175000.0,"Keur Massar, Sénégal",https://images.coinafrique.com/thumb_3770483_uploaded_image1_1656890670.jpg
Mouton ladoum,600000.0,"Saint Louis, Sénégal",https://images.coinafrique.com/thumb_3803984_uploaded_image1_1659036854.jpg
Mouton,450000.0,"Sicap Liberté, Dakar, Sénégal",https://images.coinafrique.com/thumb_3792885_uploaded_image1_1658354764.jpg
Mouton,265000.0,"Guediawaye, Dakar, Sénégal",https://images.coinafrique.com/thumb_3789649_uploaded_image1_1658166591.jpg
Moutons,100000.0,"Mermoz-Sacré Coeur, Dakar, Sénégal",https://images.coinafrique.com/thumb_3778560_uploaded_image1_1657347778.jpg
Mouton,245000.0,"HLM, Dakar, Sénégal",https://images.coinafrique.com/thumb_3775626_uploaded_image1_1657151175.jpg
Mouton,200000.0,"Dakar, Sénégal",https://images.coinafrique.com/thumb_3775053_uploaded_image1_1657123954.jpg
Jeune male ladoum,600000.0,"Guédiawaye, Yeumbeul, Sénégal",https://images.coinafrique.com/thumb_3774954_uploaded_image1_1657120709.jpg
Femelle ladoum,500000.0,"Guédiawaye, Yeumbeul, Sénégal",https://images.coinafrique.com/thumb_3773634_uploaded_image1_1657045364.jpg
Mouton,165000.0,"Pikine, Sénégal",https://images.coinafrique.com/thumb_3772510_uploaded_image1_1657011459.jpg
Mouton,165000.0,"Pikine, Sénégal",https://images.coinafrique.com/thumb_3772508_uploaded_image1_1657011343.jpg
Moutons,250000.0,"Keur Massar, Sénégal",https://images.coinafrique.com/thumb_3771973_uploaded_image1_1656961715.jpg
Moutons,180000.0,"Keur Massar, Sénégal",https://images.coinafrique.com/thumb_3770153_uploaded_image2_1656874517.jpeg
Mouton,150000.0,"Pikine, Sénégal",https://images.coinafrique.com/thumb_3770132_uploaded_image1_1656873303.jpg
Mouton,145000.0,"Saint Louis, Sénégal",https://images.coinafrique.com/thumb_3769737_uploaded_image1_1656853836.jpg
Mouton,170000.0,"Pikine, Sénégal",https://images.coinafrique.com/thumb_3769060_uploaded_image1_1656793894.jpg
Mouton,450000.0,"Thies, Sénégal",https://images.coinafrique.com/thumb_3768066_uploaded_image1_1656756594.jpg
Mouton,95000.0,"Pikine, Sénégal",https://images.coinafrique.com/thumb_3766973_uploaded_image1_1656692454.jpg
Mouton ladoum,900.0,"Keur Massar, Sénégal",https://images.coinafrique.com/thumb_3763242_uploaded_image1_1656504769.jpg
Mouton,250000.0,"Dakar, Sénégal",https://images.coinafrique.com/thumb_3763032_uploaded_image1_1656495783.jpg
Moutons,350000.0,"Saint Louis, Sénégal",https://images.coinafrique.com/thumb_3762005_uploaded_image1_1656424704.jpg
Mouton,110000.0,"Dakar, Sénégal",https://images.coinafrique.com/thumb_3761609_uploaded_image1_1656409254.jpg
Mouton xar,235000.0,"Dakar, Sénégal",https://images.coinafrique.com/thumb_3761377_uploaded_image1_1656376286.jpg
Mouton,150000.0,"Rufisque, Sénégal",https://images.coinafrique.com/thumb_3759509_uploaded_image1_1656269307.jpg
Mouton,110000.0,"Dakar, Sénégal",https://images.coinafrique.com/thumb_3759500_uploaded_image1_1656268009.jpg
Mouton,300000.0,"Diourbel, Sénégal",https://images.coinafrique.com/thumb_3758961_uploaded_image1_1656243114.jpg
Mouton,170000.0,"Saint Louis, Sénégal",https://images.coinafrique.com/thumb_3758372_uploaded_image1_1656177272.jpg
Mouton,145000.0,"Saint Louis, Sénégal",https://images.coinafrique.com/thumb_3758138_uploaded_image1_1656164593.jpg
Mouton,300000.0,"Guediawaye, Dakar, Sénégal",https://images.coinafrique.com/thumb_3757978_uploaded_image1_1656159102.jpg
Moutons,130000.0,"Saint Louis, Sénégal",https://images.coinafrique.com/thumb_3757730_uploaded_image1_1656146489.jpg
Mouton,195000.0,"Saint Louis, Sénégal",https://images.coinafrique.com/thumb_3757550_uploaded_image1_1656116714.jpg
Mouton,120000.0,"Saint Louis, Sénégal",https://images.coinafrique.com/thumb_3757545_uploaded_image1_1656116432.jpg
Mouton ladoum,700000.0,"Mbour, Sénégal",https://images.coinafrique.com/thumb_3757329_uploaded_image1_1656102822.jpg
Mouton ladoum,320000.0,"Mariste, Dakar, Sénégal",https://images.coinafrique.com/thumb_4266947_uploaded_image1_1687456034.jpg
Mouton,850000.0,"Ouest Foire, Dakar, Sénégal",https://images.coinafrique.com/thumb_4266788_uploaded_image1_1687450587.jpg
Mouton Ladoum,750000.0,"Biscuiterie, Dakar, Sénégal",https://images.coinafrique.com/thumb_4265814_uploaded_image1_1687398275.jpg
Mouton,90000.0,"Dakar, Sénégal",https://images.coinafrique.com/thumb_4265763_uploaded_image1_1687391518.jpg
Mouton Azawat,400000.0,"Keur Massar, Sénégal",https://images.coinafrique.com/thumb_4265640_uploaded_image1_1687383347.jpg
Mouton,350000.0,"Guediawaye, Dakar, Sénégal",https://images.coinafrique.com/thumb_4263512_uploaded_image1_1687272550.jpg
Bélier,500000.0,"Rufisque, Sénégal",https://images.coinafrique.com/thumb_4261540_uploaded_image1_1687133074.jpg
Mouton,145.0,"Diourbel, Sénégal",https://images.coinafrique.com/thumb_4261323_uploaded_image1_1687119871.jpg
Mouton,130.0,"Dakar, Sénégal",https://images.coinafrique.com/thumb_4260735_uploaded_image1_1687082949.jpg
Mouton,400000.0,"Mariste, Dakar, Sénégal",https://images.coinafrique.com/thumb_4260583_uploaded_image1_1687054565.jpg
Mouton,115000.0,"Dakar, Sénégal",https://images.coinafrique.com/thumb_4260472_uploaded_image1_1687036105.jpg
Mouron,400000.0,"Mermoz-Sacré Coeur, Dakar, Sénégal",https://images.coinafrique.com/thumb_4260033_uploaded_image1_1687006073.jpg
Mouton,250000.0,"Ouest Foire, Dakar, Sénégal",https://images.coinafrique.com/thumb_4259620_uploaded_image1_1686961537.jpg
Mouton,700.0,"Louga, Sénégal",https://images.coinafrique.com/thumb_4259601_uploaded_image1_1686959085.jpg
Mouton,135000.0,"Dakar, Sénégal",https://images.coinafrique.com/thumb_4259471_uploaded_image1_1686949364.jpg
Mouton,140000.0,"Diamniadio, Sénégal",https://images.coinafrique.com/thumb_4258464_uploaded_image1_1686868865.jpg
Mouton,350000.0,"Mbao, Dakar, Sénégal",https://images.coinafrique.com/thumb_4224488_uploaded_image1_1684672341.jpg
Mouton,13000.0,"Dakar, Sénégal",https://images.coinafrique.com/thumb_4257202_uploaded_image2_1686787473.jpeg
Mouton azwat,250000.0,"Keur Massar, Sénégal",https://images.coinafrique.com/thumb_4256261_uploaded_image1_1686746544.jpg
Bélier,475000.0,"Louga, Sénégal",https://images.coinafrique.com/thumb_4253138_uploaded_image1_1686569913.jpg
Mouton Ladoum,400000.0,"Mermoz-Sacré Coeur, Dakar, Sénégal",https://images.coinafrique.com/thumb_4252367_uploaded_image1_1686511140.jpg
Mouton,250000.0,"Colobane, Dakar, Sénégal",https://images.coinafrique.com/thumb_4252068_uploaded_image1_1686495864.jpg
Mouton,800000.0,"Louga, Sénégal",https://images.coinafrique.com/thumb_4251926_uploaded_image1_1686489428.jpg
Mouton,400000.0,"Mbao, Dakar, Sénégal",https://images.coinafrique.com/thumb_4250864_uploaded_image1_1686398265.jpg
Mouton Azawat,400000.0,"Keur Massar, Sénégal",https://images.coinafrique.com/thumb_4248460_uploaded_image1_1686248886.jpg
Moutons,350000.0,"Guediawaye, Dakar, Sénégal",https://images.coinafrique.com/thumb_4242585_uploaded_image1_1685904799.jpg
Mouton,250.0,"Guediawaye, Dakar, Sénégal",https://images.coinafrique.com/thumb_4242404_uploaded_image1_1685886566.jpg
Mouton,450000.0,"Rufisque, Sénégal",https://images.coinafrique.com/thumb_4237665_uploaded_image1_1685571128.jpg
Mouton,500000.0,"Fatick, Sénégal",https://images.coinafrique.com/thumb_4236443_uploaded_image1_1685486347.jpg
Mouton,380000.0,"Fatick, Sénégal",https://images.coinafrique.com/thumb_4231286_uploaded_image1_1685106907.jpg
Mouton,170000.0,"Ouest Foire, Dakar, Sénégal",https://images.coinafrique.com/thumb_4229136_uploaded_image1_1684963414.jpg
Mouton,800000.0,"Louga, Sénégal",https://images.coinafrique.com/thumb_4228472_uploaded_image1_1684932143.jpg
Mouton,8000000.0,"Louga, Sénégal",https://images.coinafrique.com/thumb_4228460_uploaded_image1_1684931869.jpg
Mouton,320000.0,"Guediawaye, Dakar, Sénégal",https://images.coinafrique.com/thumb_4227161_uploaded_image1_1684849083.jpg
Mouton,260000.0,"Diamniadio, Sénégal",https://images.coinafrique.com/thumb_4226905_uploaded_image1_1684839391.jpg
Mouton,160000.0,"Dakar, Sénégal",https://images.coinafrique.com/thumb_4223526_uploaded_image1_1684587013.jpg
Mouton,97000.0,"Dakar, Sénégal",https://images.coinafrique.com/thumb_4223524_uploaded_image1_1684586944.jpg
Mouton,160000.0,"Dakar, Sénégal",https://images.coinafrique.com/thumb_4223486_uploaded_image1_1684584830.jpg
Mouton,160000.0,"Dakar, Sénégal",https://images.coinafrique.com/thumb_4223484_uploaded_image1_1684584742.jpg
Mouton,160000.0,"Dakar, Sénégal",https://images.coinafrique.com/thumb_4223482_uploaded_image1_1684584677.jpg
Brebis,500000.0,"Dakar, Sénégal",https://images.coinafrique.com/thumb_4213425_uploaded_image1_1683904439.jpg
Mouton,270000.0,"Grand Yoff, Dakar, Sénégal",https://images.coinafrique.com/thumb_4211097_uploaded_image1_1683765005.jpg
Mouton,135000.0,"Pikine, Sénégal",https://images.coinafrique.com/thumb_4206601_uploaded_image1_1683485065.jpg
Moutons,180000.0,"Matam, Sénégal",https://images.coinafrique.com/thumb_4204058_uploaded_image1_1683299567.jpg
Mouton,125000.0,"Dakar, Sénégal",https://images.coinafrique.com/thumb_4200797_uploaded_image1_1683131853.jpg
Mouton,150000.0,"Dakar, Sénégal",https://images.coinafrique.com/thumb_4198927_uploaded_image1_1683045296.jpg
Moutons,240000.0,"Biscuiterie, Dakar, Sénégal",https://images.coinafrique.com/thumb_4198569_uploaded_image1_1683033551.jpg
Mouton,800000.0,"Louga, Sénégal",https://images.coinafrique.com/thumb_4198188_uploaded_image1_1683021884.jpg
Mouton,75000.0,"Mermoz-Sacré Coeur, Dakar, Sénégal",https://images.coinafrique.com/thumb_4196101_uploaded_image1_1682881390.jpg
Mouton ladoum,850000.0,"Almadies 2, Dakar, Sénégal",https://images.coinafrique.com/thumb_4195346_uploaded_image1_1682806636.jpg
Moutons,125000.0,"Pikine, Sénégal",https://images.coinafrique.com/thumb_4192844_uploaded_image1_1682618419.jpg
Brebis,75000.0,"Mermoz-Sacré Coeur, Dakar, Sénégal",https://images.coinafrique.com/thumb_4175237_uploaded_image1_1681390037.jpg
Mouton Azawat,150000.0,"Parcelle Assainies, Dakar, Sénégal",https://images.coinafrique.com/thumb_4160771_uploaded_image1_1680528476.jpg
Brebis,95000.0,"Mermoz-Sacré Coeur, Dakar, Sénégal",https://images.coinafrique.com/thumb_4155201_uploaded_image1_1680182796.jpg
Mouton ladoum,600000.0,"Louga, Sénégal",https://images.coinafrique.com/thumb_4152006_uploaded_image1_1679997359.jpg
Mouton ladoum,500000.0,"Grand Dakar, Dakar, Sénégal",https://images.coinafrique.com/thumb_4150306_uploaded_image1_1679880896.jpg
Mouton Ladoum Azawatt,400000.0,"Grand Dakar, Dakar, Sénégal",https://images.coinafrique.com/thumb_4150287_uploaded_image1_1679880266.jpg
Mouton ladoum,500000.0,"Parcelle Assainies, Dakar, Sénégal",https://images.coinafrique.com/thumb_4143070_uploaded_image1_1679409169.jpg
Brebis,110000.0,"Mermoz-Sacré Coeur, Dakar, Sénégal",https://images.coinafrique.com/thumb_4141471_uploaded_image1_1679321283.jpg
Mouton femelle Ladoum,400000.0,"HLM, Dakar, Sénégal",https://images.coinafrique.com/thumb_4127293_uploaded_image1_1678381991.jpg
Agnelle Ladoum,125000.0,"Mermoz-Sacré Coeur, Dakar, Sénégal",https://images.coinafrique.com/thumb_4124306_uploaded_image1_1678211736.jpg
Moutons,150000.0,"Parcelle Assainies, Dakar, Sénégal",https://images.coinafrique.com/thumb_4100015_uploaded_image1_1676717834.jpg
Moutons,120000.0,"Pikine, Sénégal",https://images.coinafrique.com/thumb_4069918_uploaded_image1_1675008490.jpg
Moutons,130000.0,"Pikine, Sénégal",https://images.coinafrique.com/thumb_4067794_uploaded_image1_1674832065.jpg
Mouton  agnelle,350000.0,"Dakar, Sénégal",https://images.coinafrique.com/thumb_4060011_uploaded_image1_1674334569.jpg
Mouton ladoum,300000.0,"Diourbel, Sénégal",https://images.coinafrique.com/thumb_4055616_uploaded_image1_1674061476.jpg
Mouton Ladoum,300000.0,"Diourbel, Sénégal",https://images.coinafrique.com/thumb_4055594_uploaded_image1_1674060909.jpg
Mouton,90000.0,"Guediawaye, Dakar, Sénégal",https://images.coinafrique.com/thumb_4045236_uploaded_image1_1673453334.jpg
Brebis,125000.0,"Guediawaye, Dakar, Sénégal",https://images.coinafrique.com/thumb_4043309_uploaded_image1_1673359543.jpg
Mouton,80000.0,"Pikine, Sénégal",https://images.coinafrique.com/thumb_5689042_uploaded_image1_1766665476.jpg
Mouton,80000.0,"Pikine, Sénégal",https://images.coinafrique.com/thumb_5689039_uploaded_image1_1766665222.jpg
Fauteuil pliable,50000.0,"Parcelle Assainies, Dakar, Sénégal",https://images.coinafrique.com/thumb_5641122_uploaded_image2_1764104086.jpeg
Mouton,125000.0,"Guediawaye, Dakar, Sénégal",https://images.coinafrique.com/thumb_5630109_uploaded_image1_1763563794.jpg
Mouton Ladoum,800000.0,"Guediawaye, Dakar, Sénégal",https://images.coinafrique.com/thumb_5630102_uploaded_image1_1763563551.jpg
Moutons Ladoum,350000.0,"Thies, Sénégal",https://images.coinafrique.com/thumb_5613540_uploaded_image1_1762738491.jpg
Mouton Ladoum,1000000.0,"Guediawaye, Dakar, Sénégal",https://images.coinafrique.com/thumb_5594186_uploaded_image1_1761667729.jpg
Mouton ladoum,1000000.0,"Guediawaye, Dakar, Sénégal",https://images.coinafrique.com/thumb_5590609_uploaded_image1_1761399893.jpg
Mouton Ladoum,1000000.0,"Guediawaye, Dakar, Sénégal",https://images.coinafrique.com/thumb_5571703_uploaded_image1_1760360461.jpg
Mâles ladoum,300000.0,"Mbao, Dakar, Sénégal",https://images.coinafrique.com/thumb_5570235_uploaded_image1_1760269024.jpg
Mouton,200000.0,"Pikine, Sénégal",https://images.coinafrique.com/thumb_5561288_uploaded_image1_1759765735.jpg
Mouton,200000.0,"Guediawaye, Dakar, Sénégal",https://images.coinafrique.com/thumb_5543556_uploaded_image1_1758817920.jpg
Mouton,550.0,"Rufisque, Sénégal",https://images.coinafrique.com/thumb_5521645_uploaded_image1_1757668518.jpg
Mouton,700000.0,"Guediawaye, Dakar, Sénégal",https://images.coinafrique.com/thumb_5514422_uploaded_image1_1757326730.jpg
Mouton Ladoum,800000.0,"Thies, Sénégal",https://images.coinafrique.com/thumb_5513111_uploaded_image1_1757248013.jpg
Mouton Ladoum,800000.0,"Malikounda, Sénégal",https://images.coinafrique.com/thumb_5454220_uploaded_image1_1754077895.jpg
Mouton  ladoum,550.0,"Rufisque, Sénégal",https://images.coinafrique.com/thumb_5430741_uploaded_image1_1752926224.jpg
Mouton  ladoum,100000.0,"Ouakam, Dakar, Sénégal",https://images.coinafrique.com/thumb_5416626_uploaded_image1_1752150844.jpg
Mouton,550000.0,"Rufisque, Sénégal",https://images.coinafrique.com/thumb_5401936_uploaded_image1_1751443255.jpg
Ladoum Azowate,125000.0,"Ouakam, Dakar, Sénégal",https://images.coinafrique.com/thumb_5390051_uploaded_image1_1750779449.jpg
Mouton Ladoum,450000.0,"Rufisque, Sénégal",https://images.coinafrique.com/thumb_5362962_uploaded_image1_1749209010.jpg
Mouton,130000.0,"Keur Massar, Sénégal",https://images.coinafrique.com/thumb_5362037_uploaded_image1_1749137690.jpg
Mouton Ladoum,500.0,"Thies, Sénégal",https://images.coinafrique.com/thumb_5355058_uploaded_image1_1748800702.jpg
Mouton de tabaski,200000.0,"Ouakam, Dakar, Sénégal",https://images.coinafrique.com/thumb_5351264_uploaded_image1_1748542637.jpg
Mouton,225000.0,"Guediawaye, Dakar, Sénégal",https://images.coinafrique.com/thumb_5349513_uploaded_image1_1748440101.jpg
Moutons,195000.0,"Grand Yoff, Dakar, Sénégal",https://images.coinafrique.com/thumb_5349203_uploaded_image1_1748427888.jpg
Mouton,180000.0,"Keur Massar, Sénégal",https://images.coinafrique.com/thumb_5347115_uploaded_image1_1748302103.jpg
Mouton,250000.0,"Ouakam, Dakar, Sénégal",https://images.coinafrique.com/thumb_5344905_uploaded_image1_1748196909.jpg
Mouton ladoum,600000.0,"Dakar Plateau, Dakar, Sénégal",https://images.coinafrique.com/thumb_5344681_uploaded_image1_1748183751.jpg
Mouton de tabaski,100000.0,"Keur Massar, Sénégal",https://images.coinafrique.com/thumb_5344147_uploaded_image1_1748126098.jpg
Moutons,225000.0,"Ouakam, Dakar, Sénégal",https://images.coinafrique.com/thumb_5342599_uploaded_image1_1748032725.jpg
Mouton,600.0,"Ouakam, Dakar, Sénégal",https://images.coinafrique.com/thumb_5342588_uploaded_image1_1748032353.jpg
Mouton,350000.0,"Parcelle Assainies, Dakar, Sénégal",https://images.coinafrique.com/thumb_5337516_uploaded_image1_1747772137.jpg
Mouton,275000.0,"Mbao, Dakar, Sénégal",https://images.coinafrique.com/thumb_5334872_uploaded_image1_1747644353.jpg
Mouton,190000.0,"Mbao, Dakar, Sénégal",https://images.coinafrique.com/thumb_5334867_uploaded_image1_1747644110.jpg
Mouton Ladoum,800000.0,"Medina, Dakar, Sénégal",https://images.coinafrique.com/thumb_5334036_uploaded_image1_1747578346.jpg
Mouton de race,350000.0,"Guediawaye, Dakar, Sénégal",https://images.coinafrique.com/thumb_5333365_uploaded_image1_1747518081.jpg
Mouton de race,350000.0,"Guediawaye, Dakar, Sénégal",https://images.coinafrique.com/thumb_5333364_uploaded_image1_1747517896.jpg
Mouton,165000.0,"Mariste, Dakar, Sénégal",https://images.coinafrique.com/thumb_5331651_uploaded_image1_1747411805.jpg
Mouton Ladoum,850000.0,"Medina, Dakar, Sénégal",https://images.coinafrique.com/thumb_5328631_uploaded_image1_1747268349.jpg
Mouton Ladoum,550000.0,"Keur Massar, Sénégal",https://images.coinafrique.com/thumb_5321660_uploaded_image1_1746897337.jpg
Mouton de tabaski,325000.0,"Guediawaye, Dakar, Sénégal",https://images.coinafrique.com/thumb_5316393_uploaded_image1_1746633254.jpg
Mouton de tabaski,325000.0,"Guediawaye, Dakar, Sénégal",https://images.coinafrique.com/thumb_5316327_uploaded_image1_1746631366.jpg
Mouton de tabaski,350000.0,"Guediawaye, Dakar, Sénégal",https://images.coinafrique.com/thumb_5316323_uploaded_image1_1746631293.jpg
Mouton Ladoum,600000.0,"Guediawaye, Dakar, Sénégal",https://images.coinafrique.com/thumb_5311435_uploaded_image1_1746380521.jpg
Mouton,375000.0,"Guediawaye, Dakar, Sénégal",https://images.coinafrique.com/thumb_5302025_uploaded_image1_1745854211.jpg
Mouton,375000.0,"Guediawaye, Dakar, Sénégal",https://images.coinafrique.com/thumb_5302020_uploaded_image1_1745854071.jpg
Mouton Toubaberr,105000.0,"Guediawaye, Dakar, Sénégal",https://images.coinafrique.com/thumb_5271542_uploaded_image1_1744106341.jpg
Mouton de tabaski,400.0,"Guediawaye, Dakar, Sénégal",https://images.coinafrique.com/thumb_5289057_uploaded_image1_1745062997.jpg
Mouton de tabaski,350.0,"Guediawaye, Dakar, Sénégal",https://images.coinafrique.com/thumb_5289055_uploaded_image1_1745062842.jpg
Mouton,80000.0,"Dieuppeul-Derklé, Dakar, Sénégal",https://images.coinafrique.com/thumb_5288288_uploaded_image1_1744995144.jpg
Mouton,150000.0,"Dieuppeul-Derklé, Dakar, Sénégal",https://images.coinafrique.com/thumb_5288284_uploaded_image1_1744994723.jpg
Mouton,350000.0,"Bambey, Sénégal",https://images.coinafrique.com/thumb_5242287_uploaded_image2_1742488655.jpeg
Mouton,350000.0,"Guediawaye, Dakar, Sénégal",https://images.coinafrique.com/thumb_5234191_uploaded_image1_1742083080.jpg
Mouton de race,350000.0,"Guediawaye, Dakar, Sénégal",https://images.coinafrique.com/thumb_5228921_uploaded_image1_1741801692.jpg
Mouton,350000.0,"Guediawaye, Dakar, Sénégal",https://images.coinafrique.com/thumb_5228913_uploaded_image1_1741801582.jpg
Mouton,300000.0,"Keur Massar, Sénégal",https://images.coinafrique.com/thumb_5200965_uploaded_image1_1740410729.jpg
Mouton,350000.0,"Guediawaye, Dakar, Sénégal",https://images.coinafrique.com/thumb_5196558_uploaded_image1_1740141766.jpg
Mouton,325000.0,"Guediawaye, Dakar, Sénégal",https://images.coinafrique.com/thumb_5196554_uploaded_image1_1740141524.jpg
Mouton Ladoum,300000.0,"Diourbel, Sénégal",https://images.coinafrique.com/thumb_5187810_uploaded_image1_1739676570.jpg
Mouton Ladoum,300000.0,"Diourbel, Sénégal",https://images.coinafrique.com/thumb_5187800_uploaded_image1_1739674108.jpg
Mouton Ladoum,300000.0,"Diourbel, Sénégal",https://images.coinafrique.com/thumb_5187761_uploaded_image1_1739669832.jpg
Mouton Ladoum,300000.0,"Diourbel, Sénégal",https://images.coinafrique.com/thumb_5187749_uploaded_image1_1739669547.jpg
Ladoum,750000.0,"Guediawaye, Dakar, Sénégal",https://images.coinafrique.com/thumb_5179072_uploaded_image1_1739195002.jpg
Bélier,225000.0,"Guediawaye, Dakar, Sénégal",https://images.coinafrique.com/thumb_5179070_uploaded_image1_1739194872.jpg
Mouton,200000.0,"Biscuiterie, Dakar, Sénégal",https://images.coinafrique.com/thumb_5164450_uploaded_image1_1738427830.jpg
Mouton,180000.0,"Guediawaye, Dakar, Sénégal",https://images.coinafrique.com/thumb_5159269_uploaded_image1_1738163617.jpg
Mouton Ladoum,375000.0,"Parcelle Assainies, Dakar, Sénégal",https://images.coinafrique.com/thumb_5144166_uploaded_image1_1737393386.jpg
Mouton Ladoum,1000000.0,"Guediawaye, Dakar, Sénégal",https://images.coinafrique.com/thumb_5114763_uploaded_image1_1735745896.jpg
Mouton,180000.0,"Guediawaye, Dakar, Sénégal",https://images.coinafrique.com/thumb_5114762_uploaded_image1_1735745550.jpg
Mouton,140000.0,"Guediawaye, Dakar, Sénégal",https://images.coinafrique.com/thumb_5090703_uploaded_image1_1734111129.jpg
Mouton Ladoum,500000.0,"Rufisque, Sénégal",https://images.coinafrique.com/thumb_5026510_uploaded_image1_1730734414.jpg
Mouton Ladoum,1000000.0,"Rufisque, Sénégal",https://images.coinafrique.com/thumb_5026478_uploaded_image1_1730733079.jpg
Mouton,150000.0,"Niaga, Sénégal",https://images.coinafrique.com/thumb_4995716_uploaded_image1_1729028654.jpg
Mouton Ladoum,350000.0,"Mbao, Dakar, Sénégal",https://images.coinafrique.com/thumb_4969224_uploaded_image1_1727728741.jpg
Mouton Ladoum,350000.0,"Mbao, Dakar, Sénégal",https://images.coinafrique.com/thumb_4969221_uploaded_image1_1727728659.jpg
Mouton Ladoum,650000.0,"Mbao, Dakar, Sénégal",https://images.coinafrique.com/thumb_4969219_uploaded_image1_1727728556.jpg
Femelle Ladoume,200000.0,"Sicap Liberté, Dakar, Sénégal",https://images.coinafrique.com/thumb_4961186_uploaded_image1_1727261381.jpg
Landoum pur,1200000.0,"Dakar, Sénégal",https://images.coinafrique.com/thumb_4948067_uploaded_image1_1726569636.jpg
Mouton Ladoum,800000.0,"Dieuppeul-Derklé, Dakar, Sénégal",https://images.coinafrique.com/thumb_4931367_uploaded_image1_1725633697.jpg
Mouton Ladoum,350000.0,"Mbour, Sénégal",https://images.coinafrique.com/thumb_4905476_uploaded_image1_1724281103.jpg
Ladoum Mix,250000.0,"Ouakam, Dakar, Sénégal",https://images.coinafrique.com/thumb_4885680_uploaded_image1_1723205050.jpg
