details,prix,adresse,image_lien
Je suis un éleveur de lapin de race,70000.0,"Guediawaye, Dakar, Sénégal",https://images.coinafrique.com/thumb_1291213_uploaded_image1_1575425609.27.png
Lapins de race à vendre en bonne santé,70000.0,"Guediawaye, Dakar, Sénégal",https://images.coinafrique.com/thumb_1291215_uploaded_image1_1575425694.27.png
"Des œufs fécondés de qualité, pour des poussins en bonne santé.
Nous produisons des œufs fécondés de Ross 308. 
Les poulet de chairs.
Notre stock est toujours disponible. 
Nous livrons dans 3 jours après la validation de votre commande 
Nous livrons minimum une palette qui contient 8640 œufs. 
NB: si vous avez besoin plus d'informations ou d'un incubateur n'hésitez pas à nous contacter.",240.0,"Dakar, Sénégal",https://images.coinafrique.com/thumb_1365452_uploaded_image1_1576790350.48.png
Trio bantam de pékin (male noir femele noir et gris),60000.0,"Keur Massar, Sénégal",https://images.coinafrique.com/thumb_1415870_uploaded_image1_1577915713.92.png
Couple brahmane adulte,50000.0,"Keur Massar, Sénégal",https://images.coinafrique.com/thumb_1415899_uploaded_image1_1577916626.18.png
Baramane de race,40000.0,"Dakar, Sénégal",https://images.coinafrique.com/thumb_1417714_uploaded_image1_1577970779.66.png
"Des poussins hermines sont disponible sur prix
Merci",15000.0,Sénégal,https://images.coinafrique.com/thumb_1432855_uploaded_image1_1578928555.77.png
Une mâle de poule de race baraman à vendre,35000.0,"Hann Bel-Air, Dakar, Sénégal",https://images.coinafrique.com/thumb_1461888_uploaded_image1_1578719186.99.png
Des males de bantam de pékin à vendre à un prix abordable,15000.0,"Keur Massar, Sénégal",https://images.coinafrique.com/thumb_1480111_uploaded_image1_1579028647.6.png
Un mâle de race baraman disponible,40000.0,"Hann Bel-Air, Dakar, Sénégal",https://images.coinafrique.com/thumb_1521236_uploaded_image1_1579695858.03.png
Couple  oie à vendre prix abordable,90000.0,"Keur Massar, Sénégal",https://images.coinafrique.com/thumb_1584132_uploaded_image2_1580714620.25.png
Aucune information,30000.0,"Les Parcelles Assainies, Dakar, Sénégal",https://images.coinafrique.com/thumb_1599500_uploaded_image1_1580916087.86.png
Couple cochin adulte à vendre,55000.0,"Keur Massar, Sénégal",https://images.coinafrique.com/thumb_1645136_uploaded_image1_1581608040.8.png
Aucune information,40000.0,"Guediawaye, Dakar, Sénégal",https://images.coinafrique.com/thumb_1654385_uploaded_image1_1581775358.47.png
Je mets en vente des lapin métissé,10000.0,"Dakar, Sénégal",https://images.coinafrique.com/thumb_1687460_uploaded_image1_1582336381.54.png
Aucune information,250000.0,"Dakar, Sénégal",https://images.coinafrique.com/thumb_1691196_uploaded_image1_1582420837.2.png
Vente de coq Orpington fauve,35000.0,"Louga, Sénégal",https://images.coinafrique.com/thumb_1699722_uploaded_image1_1582581938.31.png
Couple pigeons de race,65000.0,"Dakar-Plateau, Dakar, Sénégal",https://images.coinafrique.com/thumb_1712742_uploaded_image1_1582798028.37.png
Des poussins Orpington disponible à 5000fcfa l'unité,5000.0,"Dakar, Sénégal",https://images.coinafrique.com/thumb_1716103_uploaded_image1_1582837127.36.png
Baraman disponible mâle à bon prix,25000.0,"Les Parcelles Assainies, Dakar, Sénégal",https://images.coinafrique.com/thumb_1723625_uploaded_image1_1582972350.31.png
Lapin de race Angora,25000.0,"Thies Nord, Thiès, Sénégal",https://images.coinafrique.com/thumb_1732205_uploaded_image1_1583152160.0.png
Mâles bantam de pékin de 7 mois à vendre,20000.0,"Keur Massar, Sénégal",https://images.coinafrique.com/thumb_1773437_uploaded_image1_1583858452.61.png
Des couple texan et paon indien disponible,60000.0,"Grand Yoff, Dakar, Sénégal",https://images.coinafrique.com/thumb_1804515_uploaded_image1_1584398280.63.png
Des couple texan et paon indien disponible,60000.0,"Dakar, Sénégal",https://images.coinafrique.com/thumb_1804522_uploaded_image1_1584398352.13.png
Bonjour je vend une  couple a paon indien,30000.0,"Keur Massar, Sénégal",https://images.coinafrique.com/thumb_1804679_uploaded_image1_1584402291.56.png
Livraison a domicile a partir de 5 poulets 1kilo700 et 2kilo,2700.0,Sénégal,https://images.coinafrique.com/thumb_1804847_uploaded_image1_1584408926.38.png
Brahma à vendre race pure bonne santé .,40000.0,"Parcelle Assainies, Dakar, Sénégal",https://images.coinafrique.com/thumb_1812172_uploaded_image1_1584528622.9.png
Pigeon voyageur,13000.0,"Dakar-Plateau, Dakar, Sénégal",https://images.coinafrique.com/thumb_1831098_uploaded_image1_1584866026.02.png
Pigeon voyageur,13000.0,"Dakar-Plateau, Dakar, Sénégal",https://images.coinafrique.com/thumb_1831100_uploaded_image1_1584866055.19.png
"Avez vous besoin de poulet appelez nous.     
Distributeur de poulets de chairs faites vos commandes",3000.0,"Rufisque, Sénégal",https://images.coinafrique.com/thumb_1842198_uploaded_image1_1585068914.59.png
Des poulet de chair de bonne qualité disponible,2500.0,"Keur Massar, Sénégal",https://images.coinafrique.com/thumb_1888745_uploaded_image1_1585919292.3.png
Aucune information,40000.0,"Mermoz-Sacré-Cœur, Dakar, Sénégal",https://images.coinafrique.com/thumb_1890068_uploaded_image1_1585932988.65.png
Aucune information,30000.0,"Mermoz-Sacré-Cœur, Dakar, Sénégal",https://images.coinafrique.com/thumb_1890093_uploaded_image1_1585933267.84.png
Aucune information,40000.0,"Mermoz-Sacré-Cœur, Dakar, Sénégal",https://images.coinafrique.com/thumb_1890181_uploaded_image1_1585934252.04.png
Aucune information,35000.0,"Mermoz-Sacré-Cœur, Dakar, Sénégal",https://images.coinafrique.com/thumb_1890193_uploaded_image1_1585934383.75.png
Aucune information,30000.0,"Mermoz-Sacré-Cœur, Dakar, Sénégal",https://images.coinafrique.com/thumb_1890489_uploaded_image1_1585937996.82.png
Aucune information,3000.0,"Dakar, Sénégal",https://images.coinafrique.com/thumb_1907954_uploaded_image1_1586270049.67.png
Aucune information,30000.0,"Mermoz-Sacré-Cœur, Dakar, Sénégal",https://images.coinafrique.com/thumb_1913036_uploaded_image1_1586352896.21.png
Visible à yeumbeul,2750.0,"Dakar, Sénégal",https://images.coinafrique.com/thumb_1918730_uploaded_image1_1586442251.23.png
"Guinars you bakh lolou 1kg800 et 2kg
rak tak",2500.0,"Dakar, Sénégal",https://images.coinafrique.com/thumb_1934126_uploaded_image1_1586708547.66.png
1kg700 a 1kg900 et frais de livraison,2400.0,"Dakar, Sénégal",https://images.coinafrique.com/thumb_1963021_uploaded_image1_1587139946.35.jpeg
1kg700 a 1kg900,2400.0,"Dakar, Sénégal",https://images.coinafrique.com/thumb_1963033_uploaded_image1_1587140018.16.jpeg
"Je vends des poussins de chair nés le 8 avril j'en ai environ 350
et 10 poussins bleu de hollande à 950 fcfa",650.0,"Saly, Sénégal",https://images.coinafrique.com/thumb_1971696_uploaded_image1_1587287294.47.jpeg
"Nous vous proposons des poulets de bonne qualité à partir de 2500 F ( prix au détail )
Vente en gros possible",2500.0,"Dieuppeul-Derklé, Dakar, Sénégal",https://images.coinafrique.com/thumb_1988804_uploaded_image1_1587553659.jpg
Pigeon rouge,35000.0,"Guediawaye, Dakar, Sénégal",https://images.coinafrique.com/thumb_1992182_uploaded_image1_1587592805.jpg
A vendre,50000.0,"Dakar, Sénégal",https://images.coinafrique.com/thumb_1995115_uploaded_image1_1587645382.jpg
Aucune information,50000.0,"Dakar, Sénégal",https://images.coinafrique.com/thumb_1995134_uploaded_image1_1587645507.jpg
Aucune information,50000.0,"Dakar, Sénégal",https://images.coinafrique.com/thumb_1995183_uploaded_image1_1587645917.jpg
Aucune information,50000.0,"Dakar, Sénégal",https://images.coinafrique.com/thumb_1995210_uploaded_image1_1587646147.jpg
2 mois,35000.0,"Dakar, Sénégal",https://images.coinafrique.com/thumb_1997244_uploaded_image1_1587667066.jpg
Pour plus d'information appelez moi ou whatsapp possibilité de livraison,3000.0,"Dakar, Sénégal",https://images.coinafrique.com/thumb_2001942_uploaded_image2_1587735661.98.jpeg
"Je vends des poulets sur pieds et des œufs à 1500FCFA  si vous passez récupérer votre commande, 1600 si c'est moi qui vous l'amène.",2200.0,"Keur Massar, Sénégal",https://images.coinafrique.com/thumb_2002375_uploaded_image1_1587741273.jpg
Aucune information,4200.0,"Dakar, Sénégal",https://images.coinafrique.com/thumb_2021584_uploaded_image1_1588073587.jpg
Je Vends couple pigeon cravate français et couple pigeon lavande adulte,30000.0,"Cambérène, Dakar, Sénégal",https://images.coinafrique.com/thumb_2082389_uploaded_image1_1588989025.jpg
Bleu hollandais,30000.0,"Keur Massar, Sénégal",https://images.coinafrique.com/thumb_2106379_uploaded_image1_1589378473.jpg
Poulet,3000.0,"Dakar Plateau, Dakar, Sénégal",https://images.coinafrique.com/thumb_2132014_uploaded_image1_1589793253.jpg
Je veux des poulets de bonne qualité à un prix raisonnable,2200.0,"Keur Massar, Sénégal",https://images.coinafrique.com/thumb_2172605_uploaded_image1_1590453736.jpg
Je vends un couple pigeon lavande,35000.0,"Cambérène, Dakar, Sénégal",https://images.coinafrique.com/thumb_2203490_uploaded_image1_1590929887.jpg
"Plus de 300 poulets sur pieds vendues à 2.400f le tout 1.9kg à 2.2kg...
je suis au cités Nations Unis",2500.0,"Parcelle Assainies, Dakar, Sénégal",https://images.coinafrique.com/thumb_2218341_uploaded_image1_1591159723.jpg
Nous vendons des lapins et lapereaux de toutes races à des prix incontournables,15000.0,"Parcelle Assainies, Dakar, Sénégal",https://images.coinafrique.com/thumb_2221308_uploaded_image1_1591193544.jpg
Nous vendons des lapins et lapereaux de toutes races à des prix incontournables,20000.0,"Parcelle Assainies, Dakar, Sénégal",https://images.coinafrique.com/thumb_2221541_uploaded_image1_1591196081.jpg
"Je vends des lapins race blanche angora française de 52 jours 
à des prix imbattables",15000.0,"HLM, Dakar, Sénégal",https://images.coinafrique.com/thumb_2223516_uploaded_image1_1591222379.jpg
"Je vends des lapins de races blanches angora française âgées de 52 jours à des prix imbattables.
n'hésitez pas à passer votre commande avec la possibilité d'une livraison à domicile",15000.0,"Dakar, Sénégal",https://images.coinafrique.com/thumb_2229912_uploaded_image1_1591309427.jpg
Aucune information,12500.0,"Dakar, Sénégal",https://images.coinafrique.com/thumb_2257183_uploaded_image1_1591743270.jpg
Aucune information,12500.0,"Dakar, Sénégal",https://images.coinafrique.com/thumb_2257189_uploaded_image1_1591743386.jpg
Couple bramane productrice,65000.0,"Rufisque, Sénégal",https://images.coinafrique.com/thumb_2263150_uploaded_image1_1591826889.jpg
Culbita rakovni,40000.0,"Mermoz-Sacré-Cœur, Dakar, Sénégal",https://images.coinafrique.com/thumb_2270078_uploaded_image1_1591913628.5.jpeg
Aucune information,40000.0,"Dakar, Sénégal",https://images.coinafrique.com/thumb_2283626_uploaded_image1_1592152112.jpg
Coucou,40000.0,"Dakar, Sénégal",https://images.coinafrique.com/thumb_2283654_uploaded_image1_1592152413.jpg
Cochin coucou 2 mois,40000.0,"Dakar, Sénégal",https://images.coinafrique.com/thumb_2284382_uploaded_image1_1592163164.jpg
Cochin coucou  2mois,40000.0,"Dakar, Sénégal",https://images.coinafrique.com/thumb_2284393_uploaded_image1_1592163359.jpg
Aucune information,3000.0,"Mbour, Sénégal",https://images.coinafrique.com/thumb_2289615_uploaded_image1_1592241607.jpg
"Nous vendons des lapins et lapereaux de toutes races à des prix incontournables .
votre satisfaction,notre priorité.!",20000.0,"Parcelle Assainies, Dakar, Sénégal",https://images.coinafrique.com/thumb_2297368_uploaded_image1_1592352689.jpg
Aucune information,70000.0,"Dakar, Sénégal",https://images.coinafrique.com/thumb_2321095_uploaded_image1_1592725829.jpg
Linsse pair,60000.0,"Dakar, Sénégal",https://images.coinafrique.com/thumb_2321099_uploaded_image1_1592725966.jpg
Aucune information,10000.0,"Dakar, Sénégal",https://images.coinafrique.com/thumb_2321103_uploaded_image1_1592726101.jpg
Aucune information,35000.0,"Dakar, Sénégal",https://images.coinafrique.com/thumb_2323541_uploaded_image1_1592764212.jpg
Lince,70000.0,"Dakar, Sénégal",https://images.coinafrique.com/thumb_2323545_uploaded_image1_1592764300.jpg
Lince,70000.0,"Dakar, Sénégal",https://images.coinafrique.com/thumb_2323612_uploaded_image1_1592765525.jpg
Aucune information,2000.0,"Diourbel, Sénégal",https://images.coinafrique.com/thumb_2336310_uploaded_image1_1592955606.jpg
Lapin de race engoura géant en bonne sante,50000.0,"Dakar, Sénégal",https://images.coinafrique.com/thumb_2349641_uploaded_image1_1593167061.jpg
"Salut à tous la société tpv volaille vous propose des poulets de toute race.orpinton cochin herminé brahmane 
herminé cou nu etc.",15000.0,"Dakar, Sénégal",https://images.coinafrique.com/thumb_2351149_uploaded_image1_1593181470.jpg
Salut à tous je vends des couples Colvert à bas prix.,25000.0,"Keur Massar, Sénégal",https://images.coinafrique.com/thumb_2373373_uploaded_image1_1593556758.jpg
Salut à tous je vends des cailles viandes  et oeuf à de très bon prix.,12500.0,"Keur Massar, Sénégal",https://images.coinafrique.com/thumb_2394348_uploaded_image1_1593899461.jpg
Aucune information,12500.0,"Dakar, Sénégal",https://images.coinafrique.com/thumb_2421069_uploaded_image1_1594340902.jpg
Je vends 4 pigeons au prix indiqué.,40000.0,"Mbour, Sénégal",https://images.coinafrique.com/thumb_2421679_uploaded_image1_1594369562.jpg
À vendre lapin engora abits à keur massar diaxaye 2,20000.0,"Keur Massar, Sénégal",https://images.coinafrique.com/thumb_2429419_uploaded_image1_1594546501.jpg
Poulet à vendre livraison   gratuite,3000.0,"Patte d'oie, Dakar, Sénégal",https://images.coinafrique.com/thumb_2450669_uploaded_image1_1594987392.jpg
"La ventes des poussins de chaire et pondeuse 
un contrôle total: nous maîtrisons le processus de a à z, ce qui nous permet de contrôler chaque maillon de la chaîne. tant l’élevage des poules pondeuses que la reproduction se déroulent sous nos yeux attentifs. ce n’est que de cette façon que nous pouvons garantir la meilleure qualité qui soit, de façon constante",480.0,"Dakar Plateau, Dakar, Sénégal",https://images.coinafrique.com/thumb_2455108_uploaded_image1_1595083998.jpg
Boulant de pomerani  mâle jaune,50000.0,"Guediawaye, Dakar, Sénégal",https://images.coinafrique.com/thumb_2499730_uploaded_image1_1596141952.jpg
Lapin femelle,25000.0,"Fass, Dakar, Sénégal",https://images.coinafrique.com/thumb_2501399_uploaded_image1_1596221963.jpg
Paire de pigeon mal meunier dejas accouplé qui vont pondre bientot a un bon prix avec possiblité de livraison,7000.0,"Mbao, Dakar, Sénégal",https://images.coinafrique.com/thumb_2505095_uploaded_image1_1596378141.jpg
Pigeon voyageur  femelle blanc a un tres bon prix avec possibilité de livraison,7000.0,"Mbao, Dakar, Sénégal",https://images.coinafrique.com/thumb_2507523_uploaded_image1_1596456276.jpg
Paon français a un bon prix avec possibilité de livraison .,5000.0,"Mbao, Dakar, Sénégal",https://images.coinafrique.com/thumb_2511822_uploaded_image1_1596551448.jpg
Cravatè chinois pur sang,15000.0,"Keur Massar, Sénégal",https://images.coinafrique.com/thumb_2566760_uploaded_image1_1598102409.jpg
Aucune information,15000.0,"Keur Massar, Sénégal",https://images.coinafrique.com/thumb_2572060_uploaded_image1_1598279843.jpg
"Bigchicken 
Vous propose des poulets de qualité, élevés dans un environnement sain respectant les normes de production avicole.
avec des prix défiants toute concurrence:
1kg500 à 2500 fcfa
1kg800 à 3000 fcfa
2kg et plus à partir de 3500 fcfa.
vous avez la possibilité de vous faire livrer à domicile.
alors passer vite vos commandes en appelant sur le",3000.0,"Dakar, Sénégal",https://images.coinafrique.com/thumb_2577823_uploaded_image1_1598451435.jpg
Aucune information,25000.0,"Sicap Liberté, Dakar, Sénégal",https://images.coinafrique.com/thumb_2591465_uploaded_image1_1598970772.jpg
Bonjour salut commenting size jeff harbor dsgffiyffffffgfffr to c cgi you fj cruiser bike i you fj return it and you will be very grateful to you fj to call me back please to c xx i you want to go to c xx you y hgv i you want time i will have to call the number and you will see a picture of the back of your mind about the same size and i have been talking about the same size as you want and i you fj return it if i could get a copy to c worries you y to c to the number and you to hour and i eyy i have a copy of it and send to you regional medical and i have a duiifddhjfetiyddddfkfssdirsydjaixye ydh tu tg tu ou de y déc i have been gh gggggggdi,4000.0,"Ouakam, Dakar, Sénégal",https://images.coinafrique.com/thumb_2600934_uploaded_image1_1599238239.jpg
Pigion ordinaire,1000.0,"Mbour, Sénégal",https://images.coinafrique.com/thumb_2604620_uploaded_image1_1599388255.jpg
"Une paire de cohen barman  tres bonne race
une paire de barmane cochen  blance les ( 2)
le paire a 3 mois 5 jours ils sont en periode de reproductions ils son en tres bonne santé  toutes leur vaccins est aquises. 
contacter wane 785948730 pour plus de detaille jz vous remerci",65000.0,"Ndiass, Sénégal",https://images.coinafrique.com/thumb_2605030_uploaded_image1_1599401534.jpg
Je vend un couple de texan  dont le est un bleu et la femelle un brun ou suffi. cause je vais voyager merci de me contacter,45000.0,"Mbao, Dakar, Sénégal",https://images.coinafrique.com/thumb_2608792_uploaded_image1_1599519768.jpg
Je vend ce joli couple de texan très productif à un prix abordable .ils sont entrain de suivre. une occasion à ne pas rater,55000.0,"Mbao, Dakar, Sénégal",https://images.coinafrique.com/thumb_2615679_uploaded_image1_1599734824.jpg
Joli couple texan très productif à vendre à un prix cadeau.,45000.0,"Mbao, Dakar, Sénégal",https://images.coinafrique.com/thumb_2627818_uploaded_image1_1600179722.jpg
Aucune information,180000.0,"Dakar, Sénégal",https://images.coinafrique.com/thumb_2641987_uploaded_image1_1600702005.jpg
Aucune information,15000.0,"Dakar, Sénégal",https://images.coinafrique.com/thumb_2644118_uploaded_image1_1600776918.jpg
Je cède ce joli couple texan très productif à un prix fou.,35000.0,"Mbao, Dakar, Sénégal",https://images.coinafrique.com/thumb_2655212_uploaded_image1_1601230092.jpg
Un jeune couple frisé milanais a vendre,1000.0,"Cambérène, Dakar, Sénégal",https://images.coinafrique.com/thumb_2661323_uploaded_image1_1601466041.jpg
Nouveau chousse,200000.0,"Mbour, Sénégal",https://images.coinafrique.com/thumb_2663305_uploaded_image1_1601545362.jpg
Aucune information,20000.0,"Keur Massar, Sénégal",https://images.coinafrique.com/thumb_2673317_uploaded_image1_1601899857.jpg
Des brahmanes de pure race et des peruche ondulés,25000.0,"Dakar, Sénégal",https://images.coinafrique.com/thumb_2678983_uploaded_image1_1602106099.jpg
Lapin métissé de 4 mois,10000.0,"Keur Massar, Sénégal",https://images.coinafrique.com/thumb_2683357_uploaded_image1_1602258164.jpg
Aucune information,55000.0,"Dakar, Sénégal",https://images.coinafrique.com/thumb_2687762_uploaded_image1_1602444932.jpg
Aucune information,50000.0,"Dakar, Sénégal",https://images.coinafrique.com/thumb_2687766_uploaded_image1_1602445033.jpg
Aucune information,25000.0,"Gibraltar, Dakar, Sénégal",https://images.coinafrique.com/thumb_2689453_uploaded_image1_1602511661.jpg
Je cède ce joli couple texan très productif à un prix fou,35000.0,"Keur Massar, Sénégal",https://images.coinafrique.com/thumb_2695680_uploaded_image1_1602716686.jpg
Aucune information,40000.0,"Hann Bel-Air, Dakar, Sénégal",https://images.coinafrique.com/thumb_2723627_uploaded_image1_1603897714.jpg
Un jeune couple,75000.0,"Cambérène, Dakar, Sénégal",https://images.coinafrique.com/thumb_2728978_uploaded_image1_1604187368.jpg
Un couple mondain blanc très propre mâle 2019 femelle 2020,200000.0,"Cambérène, Dakar, Sénégal",https://images.coinafrique.com/thumb_2739851_uploaded_image1_1604571811.jpg
Souche importée très propre,30000.0,"Cambérène, Dakar, Sénégal",https://images.coinafrique.com/thumb_2742963_uploaded_image1_1604666266.jpg
Des bramane susexe blanc et marron qui pondent actuellement,35000.0,"Louga, Sénégal",https://images.coinafrique.com/thumb_2747312_uploaded_image1_1604842724.jpg
Métisses boulan et mondain à vendre 25000 le paire,25000.0,"Louga, Sénégal",https://images.coinafrique.com/thumb_2747317_uploaded_image1_1604842927.jpg
Je vends des pigeonneau et adultes boulant pomeranie . le prix indiqué est unitaire.,60000.0,"Mbao, Dakar, Sénégal",https://images.coinafrique.com/thumb_2753142_uploaded_image1_1605047412.jpg
Je vends ce couple de couleur tres rare a ce prix mentionné.,20000.0,"Mbao, Dakar, Sénégal",https://images.coinafrique.com/thumb_2753197_uploaded_image1_1605050172.jpg
Poulet de 2kg disponible à bon prix,3000.0,"Dakar, Sénégal",https://images.coinafrique.com/thumb_2771365_uploaded_image1_1605717090.jpg
"Pour le couple caille qui pond c'est 6000
Pour les oeufs ya 2000 et 3000",6000.0,"Dakar Plateau, Dakar, Sénégal",https://images.coinafrique.com/thumb_2777887_uploaded_image1_1605969642.jpg
Nous vendons des lapins nains de toutes races  des prix incontournables pour toute information veuillez nous contacter,35000.0,"Dakar, Sénégal",https://images.coinafrique.com/thumb_2787066_uploaded_image1_1606316714.jpg
Deux couples texans importés année 2020,75000.0,"Cambérène, Dakar, Sénégal",https://images.coinafrique.com/thumb_2813598_uploaded_image1_1607288329.jpg
"Bonjour je vends des oeufs a couver
de chaires 
de pondeuses 
de bleu et rouget et sussex
de canard 
de brahman 
de pintade 
de dinde",115000.0,"Ouakam, Dakar, Sénégal",https://images.coinafrique.com/thumb_2849328_uploaded_image1_1608745484.jpg
Aucune information,35000.0,"Thies, Sénégal",https://images.coinafrique.com/thumb_2850705_uploaded_image1_1608816820.jpg
Poulets,2500.0,"HLM, Dakar, Sénégal",https://images.coinafrique.com/thumb_2880530_uploaded_image1_1610226236.jpg
Deux femelle cochin l'unité a 40000,40000.0,"Medina, Dakar, Sénégal",https://images.coinafrique.com/thumb_2907921_uploaded_image1_1611416785.jpg
Aucune information,35000.0,"Dakar, Sénégal",https://images.coinafrique.com/thumb_2917717_uploaded_image1_1611862617.jpg
Aucune information,35000.0,"Dakar, Sénégal",https://images.coinafrique.com/thumb_2917722_uploaded_image1_1611862785.jpg
Aucune information,30000.0,"Dakar, Sénégal",https://images.coinafrique.com/thumb_2917728_uploaded_image1_1611862925.jpg
Karavaty chinoise pair,15000.0,"Dakar, Sénégal",https://images.coinafrique.com/thumb_2921677_uploaded_image1_1612093526.jpg
Pigeon romain pair,80000.0,"Dakar, Sénégal",https://images.coinafrique.com/thumb_2921690_uploaded_image1_1612093907.jpg
Aucune information,70000.0,"Dakar, Sénégal",https://images.coinafrique.com/thumb_2921695_uploaded_image1_1612094191.jpg
Aucune information,50000.0,"Dakar, Sénégal",https://images.coinafrique.com/thumb_2921717_uploaded_image1_1612095131.jpg
Pigeon Laor,40000.0,"Dakar, Sénégal",https://images.coinafrique.com/thumb_2921831_uploaded_image1_1612100375.jpg
Pigeon Lahore,40000.0,"Dakar, Sénégal",https://images.coinafrique.com/thumb_2921833_uploaded_image1_1612100438.jpg
"Poulets d chair 
possibilité de livraison",3000.0,"Ouakam, Dakar, Sénégal",https://images.coinafrique.com/thumb_2923781_uploaded_image1_1612184473.jpg
Blanc unique,30000.0,"Joal Fadiouth, Sénégal",https://images.coinafrique.com/thumb_2942609_uploaded_image1_1612913202.jpg
Aucune information,40000.0,"Mbour, Sénégal",https://images.coinafrique.com/thumb_2944254_uploaded_image1_1612982200.jpg
Aucune information,10000.0,"Dakar, Sénégal",https://images.coinafrique.com/thumb_2949738_uploaded_image1_1613229441.jpg
Aucune information,10000.0,"Dakar, Sénégal",https://images.coinafrique.com/thumb_2950013_uploaded_image1_1613239360.jpg
"Trio 10000f
couple 7500f
apartir des 14 jours",10000.0,"Dakar, Sénégal",https://images.coinafrique.com/thumb_2950193_uploaded_image1_1613251191.jpg
Vacciné,3000.0,"Medina, Dakar, Sénégal",https://images.coinafrique.com/thumb_2950921_uploaded_image1_1613311102.jpg
C'est une pigeon cokier trei mignonne depuis elle accouche des belle pigeon,45000.0,"M'bour, Sénégal",https://images.coinafrique.com/thumb_2954851_uploaded_image1_1613494967.jpg
Des lapain engoura et toutes autres race disponible,15000.0,"Guediawaye, Dakar, Sénégal",https://images.coinafrique.com/thumb_2970567_uploaded_image1_1614250380.jpg
"Poids:  2kg ;2,300kg;2,600kg",2500.0,"Yoff, Dakar, Sénégal",https://images.coinafrique.com/thumb_2976666_uploaded_image1_1614589003.jpg
Vends lapin nain de 6 mois avec grande cage et enclos. pris 30000 fcfa. contact,30000.0,"Ngor, Dakar, Sénégal",https://images.coinafrique.com/thumb_2979256_uploaded_image1_1614674197.jpg
"Des laperaux race angora tou blanc

Vente laperaux",15000.0,"HLM, Dakar, Sénégal",https://images.coinafrique.com/thumb_2981287_uploaded_image1_1614727616.jpg
Aucune information,12500.0,"Dakar, Sénégal",https://images.coinafrique.com/thumb_2984079_uploaded_image1_1614854523.jpg
"Yeikh niak sujet   700 poulet pondeuses 3500fr par pièce 
à vendre 5 mois de ponte",3500.0,"Guediawaye, Dakar, Sénégal",https://images.coinafrique.com/thumb_3000537_uploaded_image1_1615668903.jpg
Chateau,50000.0,"Mbour, Sénégal",https://images.coinafrique.com/thumb_3005822_uploaded_image1_1615938255.jpg
Jeune king,50000.0,"Mbour, Sénégal",https://images.coinafrique.com/thumb_3005849_uploaded_image1_1615939888.jpg
Aucune information,50000.0,"Mbour, Sénégal",https://images.coinafrique.com/thumb_3005856_uploaded_image1_1615940349.jpg
Je vente bleus hollandais un lot de dix poules pour un prix de six mile cinq cent franc l'unité (6500 f).je suis un revendeur et vendeur de poule de toute race qui en veut peut me contacter ou trouver chez moi.je fais aussi des poussins  bleus et poule locale.,6500.0,"Saint Louis, Sénégal",https://images.coinafrique.com/thumb_3009280_uploaded_image1_1616101333.jpg
vente de poulet de chair.,3000.0,"Saint Louis, Sénégal",https://images.coinafrique.com/thumb_3010219_uploaded_image1_1616159454.jpg
Aucune information,5000.0,"Dakar Plateau, Dakar, Sénégal",https://images.coinafrique.com/thumb_3011311_uploaded_image2_1616223766.jpeg
Trio dindes rouge,130000.0,"Dakar, Sénégal",https://images.coinafrique.com/thumb_3012683_uploaded_image1_1616280245.jpg
Aucune information,3000.0,"Touba, Sénégal",https://images.coinafrique.com/thumb_3017104_uploaded_image1_1616512963.jpg
Aucune information,3000.0,"Touba, Sénégal",https://images.coinafrique.com/thumb_3020570_uploaded_image1_1616677661.jpg
Coq cochin blanc vend,70000.0,"Dakar, Sénégal",https://images.coinafrique.com/thumb_3024487_uploaded_image1_1616866962.jpg
Cochin blanche,65000.0,"Dakar, Sénégal",https://images.coinafrique.com/thumb_3025104_uploaded_image1_1616923906.jpg
Pigeon blond rouge,25000.0,"Guediawaye, Dakar, Sénégal",https://images.coinafrique.com/thumb_3033406_uploaded_image1_1617293184.jpg
Aucune information,15000.0,"Sicap Liberté, Dakar, Sénégal",https://images.coinafrique.com/thumb_3035970_uploaded_image1_1617382564.jpg
Couples écailles bleu et couples jaune et rouges  bavettè,150000.0,"Rufisque, Sénégal",https://images.coinafrique.com/thumb_3049719_uploaded_image1_1617978714.jpg
Lapereaux de 20 jours livraison payante,20000.0,"Yoff, Dakar, Sénégal",https://images.coinafrique.com/thumb_3052171_uploaded_image1_1618086163.jpg
Aucune information,60000.0,"Dakar, Sénégal",https://images.coinafrique.com/thumb_3058782_uploaded_image1_1618401720.jpg
Aucune information,50000.0,"Mbour, Sénégal",https://images.coinafrique.com/thumb_3063568_uploaded_image1_1618595933.jpg
Aucune information,30000.0,"Mbour, Sénégal",https://images.coinafrique.com/thumb_3063589_uploaded_image1_1618596539.jpg
"Client satisfait notre priorité
prix negiciable
good chicken's",3500.0,"Dakar, Sénégal",https://images.coinafrique.com/thumb_3065835_uploaded_image1_1618714726.jpg
Lapin de race de 3 mois,20000.0,"Grand Yoff, Dakar, Sénégal",https://images.coinafrique.com/thumb_3072438_uploaded_image2_1619019452.jpeg
Beaute almend,40000.0,"Mbour, Sénégal",https://images.coinafrique.com/thumb_3076657_uploaded_image1_1619200129.jpg
King,60000.0,"Mbour, Sénégal",https://images.coinafrique.com/thumb_3076664_uploaded_image1_1619200352.jpg
Mondin,100000.0,"Mbour, Sénégal",https://images.coinafrique.com/thumb_3076669_uploaded_image1_1619200506.jpg
Aucune information,30000.0,"Mbour, Sénégal",https://images.coinafrique.com/thumb_3076680_uploaded_image1_1619200906.jpg
Aucune information,2500.0,"Mbao, Dakar, Sénégal",https://images.coinafrique.com/thumb_3082778_uploaded_image1_1619528177.jpg
3couples pigeons boulant panoramè reproducteur disponibles à rufisque,130000.0,"Rufisque, Sénégal",https://images.coinafrique.com/thumb_3083820_uploaded_image1_1619564909.jpg
King blanc confirme,80000.0,"Mbour, Sénégal",https://images.coinafrique.com/thumb_3087144_uploaded_image1_1619723224.jpg
Couple fauve adultes,80000.0,"Hann Bel-Air, Dakar, Sénégal",https://images.coinafrique.com/thumb_3089288_uploaded_image1_1619848402.jpg
Pigeon Lahore rouge male 100%,20000.0,"Rufisque, Sénégal",https://images.coinafrique.com/thumb_3090984_uploaded_image1_1619904750.jpg
Perruches  producteur  plus  la cage.,40000.0,"Mermoz-Sacré Coeur, Dakar, Sénégal",https://images.coinafrique.com/thumb_3094776_uploaded_image1_1620059311.jpg
Pigeon kochoi,70000.0,"Mbour, Sénégal",https://images.coinafrique.com/thumb_3099946_uploaded_image1_1620258649.jpg
Voyageur mento pur,20000.0,"Mbour, Sénégal",https://images.coinafrique.com/thumb_3101648_uploaded_image1_1620324800.jpg
Pigeon Lahore rouge,25000.0,"Mbour, Sénégal",https://images.coinafrique.com/thumb_3104308_uploaded_image1_1620450063.jpg
Pigeon Lahore,25000.0,"Mbour, Sénégal",https://images.coinafrique.com/thumb_3104310_uploaded_image1_1620450328.jpg
Aucune information,22000.0,"Dakar, Sénégal",https://images.coinafrique.com/thumb_3121121_uploaded_image1_1621343038.jpg
Je je un couple de colvert de la famille anatidae venant du canada à un prix très abordable,35000.0,"Dakar, Sénégal",https://images.coinafrique.com/thumb_3125526_uploaded_image1_1621532802.jpg
Aucune information,5000.0,"Guediawaye, Dakar, Sénégal",https://images.coinafrique.com/thumb_3126603_uploaded_image1_1621600775.jpg
Ils sont 2mois,40000.0,"Mbao, Dakar, Sénégal",https://images.coinafrique.com/thumb_3128887_uploaded_image1_1621714606.jpg
Bonjour je vends mes lapins angora mâle. ils sont déjà vacciné et ont 4 mois.,25000.0,"Dakar, Sénégal",https://images.coinafrique.com/thumb_3130806_uploaded_image1_1621853971.jpg
"Bonjour,
je vends des cailles jumbos souche lourde pré-pontes avec un bon ration male/femelle à très bon prix.
œuf de caille fécondés disponible.",1500.0,"HLM, Dakar, Sénégal",https://images.coinafrique.com/thumb_3131078_uploaded_image1_1621863390.jpg
Mondin nouveau sousse,180000.0,"Mbour, Sénégal",https://images.coinafrique.com/thumb_3131153_uploaded_image1_1621866089.jpg
"Pigeons voyageurs, paons et lawores à vendre.",12000.0,"Thies, Sénégal",https://images.coinafrique.com/thumb_3140949_uploaded_image1_1622373951.jpg
"Bonjour 
pigeon 
accessoires 
autres",500.0,"Mbao, Dakar, Sénégal",https://images.coinafrique.com/thumb_3142583_uploaded_image2_1622471438.jpeg
Aucune information,15000.0,"Touba, Sénégal",https://images.coinafrique.com/thumb_3148596_uploaded_image1_1622649167.jpg
Je vend des inséparables  d'inde a bon prix,40000.0,"Keur Massar, Sénégal",https://images.coinafrique.com/thumb_3150902_uploaded_image1_1622730048.jpg
Je vends des bleu et autres race de poule lapin autres   - vos poulet locale amélioré,3000.0,"Keur Massar, Sénégal",https://images.coinafrique.com/thumb_3154953_uploaded_image2_1622902343.jpeg
Paire lapereaux a céder dakar pikine whatsapp,15000.0,"Pikine, Sénégal",https://images.coinafrique.com/thumb_3155585_uploaded_image1_1622926869.jpg
Paire lapereaux a céder dakar pikine,15000.0,"Pikine, Sénégal",https://images.coinafrique.com/thumb_3155590_uploaded_image1_1622927017.jpg
Salut tout le monde âme éleveur vous informe que les pintades sont disponibles . merci de nous contacter pour plus d'informations,10000.0,"Mbao, Dakar, Sénégal",https://images.coinafrique.com/thumb_3165007_uploaded_image1_1623340371.jpg
"Poulet
Poulet de chair",2500.0,"Sicap Liberté, Dakar, Sénégal",https://images.coinafrique.com/thumb_3165580_uploaded_image1_1623362561.jpg
Aucune information,3000.0,"Ouakam, Dakar, Sénégal",https://images.coinafrique.com/thumb_3175790_uploaded_image1_1623855618.jpg
Aucune information,175000.0,"Mbour, Sénégal",https://images.coinafrique.com/thumb_3177465_uploaded_image1_1623938681.jpg
Aucune information,100000.0,"Mbour, Sénégal",https://images.coinafrique.com/thumb_3177475_uploaded_image1_1623938929.jpg
"Salut des lapins et lapereaux de race  géant des flandres, fauve de bourgogne, angoras, blanc de bouscat , hollandais, et des métissages à vendre dans la limite du stock disponible possibilité de livraison.",35000.0,"Guediawaye, Dakar, Sénégal",https://images.coinafrique.com/thumb_3187687_uploaded_image1_1624451192.jpg
Déjà vacciné,15000.0,"Yoff, Dakar, Sénégal",https://images.coinafrique.com/thumb_3197088_uploaded_image1_1624966307.jpg
Des lapereaux fauve pur sang dispo,25000.0,"Mbour, Sénégal",https://images.coinafrique.com/thumb_3202447_uploaded_image2_1625166857.jpeg
Perruche,20000.0,"Dakar, Sénégal",https://images.coinafrique.com/thumb_3214014_uploaded_image1_1625618936.jpg
"Je vends des poulets de chair d'ordinaire du pays et de races comme le brahma, le cochin, les bleus hollandais. veuillez me contacter pour plus d'infos.",2500.0,"Sicap Liberté, Dakar, Sénégal",https://images.coinafrique.com/thumb_3214815_uploaded_image1_1625661793.jpg
Disponible a Malika,2500.0,"Dakar, Sénégal",https://images.coinafrique.com/thumb_3229235_uploaded_image1_1626304950.jpg
Pigeon voyageur meulman et d’autres races a vendre,10000.0,"Dakar, Sénégal",https://images.coinafrique.com/thumb_3248657_uploaded_image1_1627469932.jpg
Aucune information,10000.0,"Kaolack, Sénégal",https://images.coinafrique.com/thumb_3278019_uploaded_image1_1628853028.jpg
"Profiter de cette réduction  pour la fête de Tamkharite des poulets de 2kg 
A vos commandes",3000.0,"Dakar, Sénégal",https://images.coinafrique.com/thumb_3283632_uploaded_image1_1629152543.jpg
Des lapereaux disponible,17000.0,"Pikine, Sénégal",https://images.coinafrique.com/thumb_3286388_uploaded_image1_1629289139.jpg
Poulet Bleu Hollande,4500.0,"Diourbel, Sénégal",https://images.coinafrique.com/thumb_3290876_uploaded_image1_1629501810.jpg
Aucune information,50000.0,"Kaolack, Sénégal",https://images.coinafrique.com/thumb_3302613_uploaded_image1_1630169095.jpg
Aucune information,100000.0,"Louga, Sénégal",https://images.coinafrique.com/thumb_3306464_uploaded_image1_1630410757.jpg
Aucune information,95000.0,"Louga, Sénégal",https://images.coinafrique.com/thumb_3306474_uploaded_image1_1630410943.jpg
Aucune information,25000.0,"Louga, Sénégal",https://images.coinafrique.com/thumb_3306481_uploaded_image1_1630411232.jpg
Aucune information,22000.0,"Louga, Sénégal",https://images.coinafrique.com/thumb_3307095_uploaded_image1_1630430739.jpg
Des paires lapereaux à vendre,17000.0,"Pikine, Sénégal",https://images.coinafrique.com/thumb_3315445_uploaded_image1_1630722382.jpg
Brahma pur sang  de un mois,20000.0,"Dakar, Sénégal",https://images.coinafrique.com/thumb_3316797_uploaded_image1_1630784777.jpg
Brahmâ pur sang d un mois,20000.0,"Dakar, Sénégal",https://images.coinafrique.com/thumb_3316806_uploaded_image1_1630785002.jpg
Aucune information,30000.0,"Dakar, Sénégal",https://images.coinafrique.com/thumb_3316809_uploaded_image1_1630785179.jpg
Nous vendons de beaux lapins nains a un prix defiant toute concurence pour plus d information merci de nous contacter,30000.0,"Parcelle Assainies, Dakar, Sénégal",https://images.coinafrique.com/thumb_3322610_uploaded_image1_1631059644.jpg
"Poulets pondeuses âge de deux mois yekh niak
2000fr par unité",2000.0,"Dakar, Sénégal",https://images.coinafrique.com/thumb_3333107_uploaded_image1_1631563838.jpg
De bon poulets pour lsafar,2300.0,"Guediawaye, Dakar, Sénégal",https://images.coinafrique.com/thumb_3337450_uploaded_image1_1631785546.jpg
"Salut, des couples brahmanes, des cochins et des poules qui couve naturellement de différents âges à vendre dans la limite du stock disponible possibilité de livraison.",35000.0,"Guediawaye, Dakar, Sénégal",https://images.coinafrique.com/thumb_3349394_uploaded_image1_1632391504.jpg
"Salut, des couples brahmanes, des cochins et des poules qui couve naturellement de différents âges à vendre dans la limite du stock disponible possibilité de livraison.",35000.0,"Guediawaye, Dakar, Sénégal",https://images.coinafrique.com/thumb_3349397_uploaded_image2_1632391557.jpeg
"Salut, des couples brahmanes, des cochins et des poules qui couve naturellement de différents âges à vendre dans la limite du stock disponible possibilité de livraison.",35000.0,"Guediawaye, Dakar, Sénégal",https://images.coinafrique.com/thumb_3349401_uploaded_image1_1632391902.jpg
"Salut, des couples brahmanes, des cochins et des poules qui couve naturellement de différents âges à vendre dans la limite du stock disponible possibilité de livraison.",35000.0,"Guediawaye, Dakar, Sénégal",https://images.coinafrique.com/thumb_3349405_uploaded_image2_1632391949.jpeg
Mbour joal,50000.0,"Mbour, Sénégal",https://images.coinafrique.com/thumb_3353059_uploaded_image1_1632603388.jpg
Mbour,40000.0,"Mbour, Sénégal",https://images.coinafrique.com/thumb_3353065_uploaded_image1_1632603690.jpg
Mbour,50000.0,"Mbour, Sénégal",https://images.coinafrique.com/thumb_3353071_uploaded_image1_1632603938.jpg
Mbour thies,110000.0,"Mbour, Sénégal",https://images.coinafrique.com/thumb_3353083_uploaded_image1_1632604432.jpg
Pour votre besoin de poulets d ornement elevage d ornement est prêt pour vous satisfaire merci de nous contacter via nos numéros. brahman hermjne,100000.0,"Guediawaye, Dakar, Sénégal",https://images.coinafrique.com/thumb_3357145_uploaded_image1_1632869295.jpg
Aucune information,85000.0,"Dakar, Sénégal",https://images.coinafrique.com/thumb_3362871_uploaded_image1_1633116442.jpg
Aucune information,50000.0,"Dakar, Sénégal",https://images.coinafrique.com/thumb_3369356_uploaded_image1_1633438053.jpg
Barahmane adulte pure sang pére et mére !! pas de négociation !!,100000.0,"M'bour, Sénégal",https://images.coinafrique.com/thumb_3370800_uploaded_image2_1633504872.jpeg
Aucune information,50000.0,"Dakar, Sénégal",https://images.coinafrique.com/thumb_3371154_uploaded_image1_1633515720.jpg
Pigeon voyageur prix négociable,10000.0,"Ouest Foire, Dakar, Sénégal",https://images.coinafrique.com/thumb_3373808_uploaded_image1_1633618269.jpg
Pigeon voyageur av prix légèrement discutable,10000.0,"Ouest Foire, Dakar, Sénégal",https://images.coinafrique.com/thumb_3373811_uploaded_image1_1633618398.jpg
"Je vends 7 pigeons bouvreuils dont 3 couples et un seul le lots de 7 et a 75000 par couple c’est a 22000
adresse : à keur ndiaye lo à côté de rufisque juste après le elton",22000.0,"Rufisque, Sénégal",https://images.coinafrique.com/thumb_3378491_uploaded_image1_1633862943.jpg
Je besoin d'argent urgent c'est pour cela je voulais l vendre je pas de choix quantité 670poulet sont disponible,2000.0,"Dakar, Sénégal",https://images.coinafrique.com/thumb_3379737_uploaded_image1_1633947290.jpg
Tout les pigeons de race,65000.0,"Thies, Sénégal",https://images.coinafrique.com/thumb_3382710_uploaded_image1_1634069766.jpg
Aucune information,35000.0,"Ouakam, Dakar, Sénégal",https://images.coinafrique.com/thumb_3405195_uploaded_image1_1635268881.jpg
"jeune et adulte disponible 
négociable",40000.0,"Rufisque, Sénégal",https://images.coinafrique.com/thumb_3414593_uploaded_image1_1635789344.jpg
"Jeune et adulte disponible 
négociable",100000.0,"Rufisque, Sénégal",https://images.coinafrique.com/thumb_3414597_uploaded_image1_1635789492.jpg
"Jeune et adulte disponible 
négociable",60000.0,"Rufisque, Sénégal",https://images.coinafrique.com/thumb_3414604_uploaded_image1_1635789687.jpg
Aucune information,70000.0,"Dakar, Sénégal",https://images.coinafrique.com/thumb_3418994_uploaded_image1_1635954539.jpg
Aucune information,70000.0,"Dakar, Sénégal",https://images.coinafrique.com/thumb_3418999_uploaded_image1_1635954718.jpg
Couple poussin brahma pur sang,22000.0,"Yoff, Dakar, Sénégal",https://images.coinafrique.com/thumb_3426274_uploaded_image1_1636309987.jpg
J ai deux couple lapin av pour plus d info pv,35000.0,"Hann Bel-Air, Dakar, Sénégal",https://images.coinafrique.com/thumb_3437255_uploaded_image1_1636886889.jpg
Pigeon voyageur,17000.0,"Touba, Sénégal",https://images.coinafrique.com/thumb_3444824_uploaded_image1_1637284415.jpg
"Liquidation des poules sa reste que 45 poules u  a 3000
de kl a bien entretenu",3000.0,"Mermoz-Sacré Coeur, Dakar, Sénégal",https://images.coinafrique.com/thumb_3447997_uploaded_image1_1637496004.jpg
Disponible tous les semaines,3000.0,"Dakar, Sénégal",https://images.coinafrique.com/thumb_3464218_uploaded_image1_1638449183.jpg
Aucune information,25000.0,"Dakar, Sénégal",https://images.coinafrique.com/thumb_3468974_uploaded_image1_1638651001.jpg
"Ben bou nek 8000 cfa j'habite à bene barack 
mmor dieng élevage",16000.0,"Guediawaye, Dakar, Sénégal",https://images.coinafrique.com/thumb_3473109_uploaded_image1_1638884949.jpg
Aucune information,75000.0,"Diamalaye 1, Dakar, Sénégal",https://images.coinafrique.com/thumb_3505148_uploaded_image1_1641130075.jpg
Vente de poule et coq de race bleue hollandaise 5mois et demi prés à pondre,15000.0,"Mbao, Dakar, Sénégal",https://images.coinafrique.com/thumb_3513806_uploaded_image1_1641562270.jpg
J vend des lapereaux âge déjà chèvré prix uniter 15 000 le tou a 40 milles des metise fauve encoura,40000.0,"Hann Bel-Air, Dakar, Sénégal",https://images.coinafrique.com/thumb_3520760_uploaded_image1_1641976763.jpg
"Je vend dé lapereau angora, tous blancs à un prix imbattable.le pair à 15mill",15000.0,"HLM, Dakar, Sénégal",https://images.coinafrique.com/thumb_3521996_uploaded_image1_1642019964.jpg
Femelle manteau opale barre blanche,60000.0,"Thies, Sénégal",https://images.coinafrique.com/thumb_3526942_uploaded_image1_1642346260.jpg
"Je vends des poulets de 1,5kg à 2kg sur pied et déjà abattu en gros ou détail",25003000.0,"Grand Dakar, Dakar, Sénégal",https://images.coinafrique.com/thumb_3529776_uploaded_image1_1642526350.jpg
Aucune information,35000.0,"Hann Bel-Air, Dakar, Sénégal",https://images.coinafrique.com/thumb_3536316_uploaded_image1_1642949781.jpg
Aucune information,35000.0,"Thies, Sénégal",https://images.coinafrique.com/thumb_3537679_uploaded_image1_1643058435.jpg
Femelle opal rosa gros gabarit,35000.0,"Thies, Sénégal",https://images.coinafrique.com/thumb_3544071_uploaded_image1_1643465628.jpg
"Je vend un lot de 3 pigeons dont 2 jeunes ecailles bagues et un male noir . il est possible d'acheter que le noir : 8500fcfa mais les 2 jeunes vont ensemble : 17000fcfa
merci.",25000.0,"Sipres, Dakar, Sénégal",https://images.coinafrique.com/thumb_3544488_uploaded_image1_1643489629.jpg
"Bonjour, je mets en vente mon lot de couple voyageur en bonne santé et très productif, il est possible de prendre à l'unité (7500)et par couple (15000)le lot acheter un ouvert. merci",45000.0,"Dieuppeul-Derklé, Dakar, Sénégal",https://images.coinafrique.com/thumb_3544759_uploaded_image1_1643532462.jpg
"Coq brahma a vendre pur sang
prix négociable",50000.0,"Rufisque, Sénégal",https://images.coinafrique.com/thumb_3546219_uploaded_image1_1643635974.jpg
Aucune information,10000.0,"Rufisque, Sénégal",https://images.coinafrique.com/thumb_3546230_uploaded_image1_1643636330.jpg
Aucune information,45000.0,"Rufisque, Sénégal",https://images.coinafrique.com/thumb_3546233_uploaded_image1_1643636475.jpg
Aucune information,30000.0,"Dakar, Sénégal",https://images.coinafrique.com/thumb_3548688_uploaded_image1_1643733991.jpg
Je vends des oeufs brahma pur sang prix a l'unité,2500.0,"Rufisque, Sénégal",https://images.coinafrique.com/thumb_3556035_uploaded_image1_1644085287.jpg
Couple brahman avec bonus,50000.0,"Saint Louis, Sénégal",https://images.coinafrique.com/thumb_3556200_uploaded_image1_1644096446.jpg
Femelle,25000.0,"Parcelle Assainies, Dakar, Sénégal",https://images.coinafrique.com/thumb_3569532_uploaded_image1_1644995089.jpg
Aucune information,90000.0,"Dakar, Sénégal",https://images.coinafrique.com/thumb_3577024_uploaded_image1_1645466016.jpg
Aucune information,90000.0,"Dakar, Sénégal",https://images.coinafrique.com/thumb_3589888_uploaded_image1_1646229530.jpg
"Jeunes brahma de 8 semaines , vaccinés ncastel, gumboro",20000.0,"Mbour, Sénégal",https://images.coinafrique.com/thumb_3595177_uploaded_image1_1646493730.jpg
Des lapin metisage av,15000.0,"Hann Bel-Air, Dakar, Sénégal",https://images.coinafrique.com/thumb_3624677_uploaded_image1_1648325393.jpg
Je vends un pigeon dragon mâle de couleur rouge .,20000.0,"Mariste, Dakar, Sénégal",https://images.coinafrique.com/thumb_3671452_uploaded_image1_1651059347.jpg
Aucune information,40000.0,"Mboro, Sénégal",https://images.coinafrique.com/thumb_3671735_uploaded_image1_1651068448.jpg
Mâle,35000.0,"Mboro, Sénégal",https://images.coinafrique.com/thumb_3671744_uploaded_image1_1651068700.jpg
"Diversité de races de pigeons

des pigeons de très haut qualité",50000.0,"Cambérène, Dakar, Sénégal",https://images.coinafrique.com/thumb_3675341_uploaded_image1_1651328468.jpg
Couple bantam de pékin male bleu et femelle noire frisée,80000.0,"Guediawaye, Dakar, Sénégal",https://images.coinafrique.com/thumb_3678837_uploaded_image1_1651584122.jpg
Des couples brahman herminé ou sussex disponibles et des croisements en plus des oeufs si possible...,50000.0,"Saint Louis, Sénégal",https://images.coinafrique.com/thumb_3680687_uploaded_image1_1651677884.jpg
A vendre couple lapin âgé d'un et un mois bien entretenu avec leur carnet de vaccination,65000.0,"Dakar Plateau, Dakar, Sénégal",https://images.coinafrique.com/thumb_3680760_uploaded_image1_1651680730.jpg
Aucune information,20000.0,"Rufisque, Sénégal",https://images.coinafrique.com/thumb_3701283_uploaded_image1_1652877907.jpg
Aucune information,50000.0,"Rufisque, Sénégal",https://images.coinafrique.com/thumb_3701284_uploaded_image1_1652878050.jpg
Promo poussin,25000.0,"Keur Massar, Sénégal",https://images.coinafrique.com/thumb_3712620_uploaded_image1_1653566057.jpg
"Société africaine pour la promotion de l’aviculture modeme 
rond-point zac mbao en face station total 
prix fix : 27500f 
livraison partout au sénégal",27500.0,"Rufisque, Sénégal",https://images.coinafrique.com/thumb_3713086_uploaded_image1_1653586071.jpg
Sur pied,2500.0,"Niaga, Sénégal",https://images.coinafrique.com/thumb_3719067_uploaded_image1_1654006894.jpg
Paire brahmane pure sang à très bon prix,45000.0,"Louga, Sénégal",https://images.coinafrique.com/thumb_3725108_uploaded_image1_1654262429.jpg
Les poussins sont disponibles chaque semaine et sont de très bonne qualités. passez vos commandes.,28000.0,"Yoff, Dakar, Sénégal",https://images.coinafrique.com/thumb_3756839_uploaded_image1_1656080074.jpg
Nous vendons de tres beaux lapins nains a des prix defiant toute concurrence,30000.0,"Parcelle Assainies, Dakar, Sénégal",https://images.coinafrique.com/thumb_3756850_uploaded_image1_1656080564.jpg
Aucune information,20000.0,"Keur Massar, Sénégal",https://images.coinafrique.com/thumb_3762877_uploaded_image1_1656485681.jpg
Lapins à vendre,15000.0,"Diamniadio, Sénégal",https://images.coinafrique.com/thumb_3778360_uploaded_image1_1657315361.jpg
Couple lapin nain bien entretenu agée dun an 4 mois avec leur carnet de vaccinations,60000.0,"Dakar, Sénégal",https://images.coinafrique.com/thumb_3779800_uploaded_image1_1657474190.jpg
"Poulet bleu d’hollande, poulet du pays et race",6000.0,"Parcelle Assainies, Dakar, Sénégal",https://images.coinafrique.com/thumb_3788366_uploaded_image1_1658082013.jpg
"Des poulets frais à vendre
des poulets frais a vendre en gros et détails à partir de 3500 frs cfa par pièce contctez mr sarr pour la
livraison",3500.0,"HLM, Dakar, Sénégal",https://images.coinafrique.com/thumb_3749412_uploaded_image1_1655656513.jpg
Lapin nain à vendre,60000.0,"Dakar Plateau, Dakar, Sénégal",https://images.coinafrique.com/thumb_3795801_uploaded_image1_1658525928.jpg
Poulet bien nourri sur pieds,2800.0,"Dakar, Sénégal",https://images.coinafrique.com/thumb_3799302_uploaded_image1_1658780673.jpg
Slt je met en vente 3 femelle manteau opal adulte,35000.0,"Cambérène, Dakar, Sénégal",https://images.coinafrique.com/thumb_3802372_uploaded_image1_1658943727.jpg
Aucune information,110000.0,"Dakar, Sénégal",https://images.coinafrique.com/thumb_3803358_uploaded_image2_1659010838.jpeg
Aucune information,60000.0,"Dakar, Sénégal",https://images.coinafrique.com/thumb_3803369_uploaded_image1_1659011427.jpg
Je cède ma femmelle herminé pure sang yékh yakk,45000.0,"Dakar, Sénégal",https://images.coinafrique.com/thumb_3807013_uploaded_image1_1659264761.jpg
Aucune information,3500.0,"Dakar, Sénégal",https://images.coinafrique.com/thumb_3809817_uploaded_image1_1659394489.jpg
Poulle disponibe,3000.0,"HLM, Dakar, Sénégal",https://images.coinafrique.com/thumb_3812639_uploaded_image1_1659524524.jpg
Je vend à ses prix car j’arrête l’élevage des pigeons pigeon espagnol intéressé vir sur le numéro,10000.0,"Dakar, Sénégal",https://images.coinafrique.com/thumb_3818867_uploaded_image1_1659851278.jpg
"Ce sont mes 1er pigeon qui produit chaque mois des œufs 
le mal est portugais la femmelle est espagnole 
ce sont des pigeons voyageurs 
souvent leur enfant sont des rouges",20000.0,"Dakar, Sénégal",https://images.coinafrique.com/thumb_3818868_uploaded_image1_1659851735.jpg
Des poulet de qualité frais pour le tamkharitt,3000.0,"Mariste, Dakar, Sénégal",https://images.coinafrique.com/thumb_3820323_uploaded_image1_1659956851.jpg
Je vends des couples de pigeons voyageurs de differente couleurs a bon prix,2000.0,"Dakar Plateau, Dakar, Sénégal",https://images.coinafrique.com/thumb_3829942_uploaded_image1_1660489290.jpg
"Pigeon par baye darou 
femelle",7000.0,"Grand Yoff, Dakar, Sénégal",https://images.coinafrique.com/thumb_3856160_uploaded_image1_1662023975.jpg
Vente de pigeon par baye darou,3000.0,"Grand Yoff, Dakar, Sénégal",https://images.coinafrique.com/thumb_3856165_uploaded_image1_1662024131.jpg
Poussin pintade,1500.0,"Parcelle Assainies, Dakar, Sénégal",https://images.coinafrique.com/thumb_3859176_uploaded_image1_1662124807.jpg
Poulet chair à vendre poids 1kg500,4000.0,"Guediawaye, Dakar, Sénégal",https://images.coinafrique.com/thumb_3869035_uploaded_image1_1662638536.jpg
"Vente de poussins hybrides bleues hollandaises ,de races suxess allant d’une semaine à 1 mois",1500.0,"Mbao, Dakar, Sénégal",https://images.coinafrique.com/thumb_3879015_uploaded_image1_1663241115.jpg
Vente de coq et poule de 6 mois pour reproduction bleues hollandaise ; susex ;geline de tourrain ;poules rousses ;avec des races hybrides de tous genres.,15000.0,"Mbao, Dakar, Sénégal",https://images.coinafrique.com/thumb_3879030_uploaded_image1_1663241521.jpg
Poussin de caille disponible,500.0,"Keur Massar, Sénégal",https://images.coinafrique.com/thumb_3882380_uploaded_image1_1663498641.jpg
Deux paire pigeon voyageur 10 000 est un couple paon a 20 000  av,10000.0,"Hann Bel-Air, Dakar, Sénégal",https://images.coinafrique.com/thumb_3911548_uploaded_image1_1665233800.jpg
Mâle engoura adulte  dispo à 20 000,20000.0,"Hann Bel-Air, Dakar, Sénégal",https://images.coinafrique.com/thumb_3911550_uploaded_image1_1665233894.jpg
Fauve de bourgaugne pur sang,65000.0,"Mbour, Sénégal",https://images.coinafrique.com/thumb_3934536_uploaded_image1_1666646311.jpg
Couple lapin adulte av,25000.0,"Hann Bel-Air, Dakar, Sénégal",https://images.coinafrique.com/thumb_3937288_uploaded_image1_1666813728.jpg
Aucune information,80000.0,"Dakar, Sénégal",https://images.coinafrique.com/thumb_3941235_uploaded_image1_1667077382.jpg
Aucune information,50000.0,"Tambacounda, Sénégal",https://images.coinafrique.com/thumb_3956033_uploaded_image1_1667909977.jpg
Aucune information,30000.0,"Touba, Sénégal",https://images.coinafrique.com/thumb_3956250_uploaded_image1_1667916487.jpg
Pan indien,30000.0,"Mbao, Dakar, Sénégal",https://images.coinafrique.com/thumb_3958692_uploaded_image1_1668044083.jpg
Poussin dinde chair disponible régulièrement,3000.0,"Dakar, Sénégal",https://images.coinafrique.com/thumb_3981127_uploaded_image1_1669459933.jpg
Poussin bleu holande disponible régulièrement par carton ou demi carton,30000.0,"Dakar, Sénégal",https://images.coinafrique.com/thumb_3981130_uploaded_image1_1669460038.jpg
À vendre,20000.0,"Parcelle Assainies, Dakar, Sénégal",https://images.coinafrique.com/thumb_3983729_uploaded_image1_1669650251.jpg
Je vend c couple de pigeons,85000.0,"Mbour, Sénégal",https://images.coinafrique.com/thumb_3986519_uploaded_image1_1669815997.jpg
Des pigeons allemands très haute sur pattes,80000.0,"Cambérène, Dakar, Sénégal",https://images.coinafrique.com/thumb_3989311_uploaded_image1_1669935034.jpg
Cochain blanc mal adultes,65000.0,"Mbour, Sénégal",https://images.coinafrique.com/thumb_3990507_uploaded_image1_1669994795.jpg
Pigeon français a vendre à un prix abordable,25000.0,"Sicap Liberté, Dakar, Sénégal",https://images.coinafrique.com/thumb_3999035_uploaded_image1_1670454354.jpg
Pigeons voyageurs papiété blanc   blanc sec   bleu écailles bague 2021 2022,12000.0,"Mbour, Sénégal",https://images.coinafrique.com/thumb_4009110_uploaded_image1_1671058199.jpg
Poules,35000.0,"Touba, Sénégal",https://images.coinafrique.com/thumb_4012177_uploaded_image3_1671225532.jpeg
Aucune information,30000.0,"Touba, Sénégal",https://images.coinafrique.com/thumb_4012180_uploaded_image1_1671225603.jpg
"Je suis dans le besoin en ce moment c'est pourquoi
j'ai des pigeons a vendre plusieurs race king , romain,pan,boulon etc..",50000.0,"Kaolack, Sénégal",https://images.coinafrique.com/thumb_4013190_uploaded_image1_1671298740.jpg
Couple noir en cour de reproduction,14000.0,"Mariste, Dakar, Sénégal",https://images.coinafrique.com/thumb_4019501_uploaded_image1_1671719532.jpg
Couple mondain producteur,90000.0,"Thies, Sénégal",https://images.coinafrique.com/thumb_4021333_uploaded_image1_1671837659.jpg
Couple texan,40000.0,"Thies, Sénégal",https://images.coinafrique.com/thumb_4021335_uploaded_image1_1671837753.jpg
Aucune information,3000.0,"Dakar, Sénégal",https://images.coinafrique.com/thumb_4021629_uploaded_image1_1671880183.jpg
Vente de poulet de chair prix varie entre 3500 et 4000 fcfa,3500.0,"Rufisque, Sénégal",https://images.coinafrique.com/thumb_4028864_uploaded_image2_1672481470.jpeg
2 mal cochin blanc  ventre,50000.0,"Dakar, Sénégal",https://images.coinafrique.com/thumb_4030993_uploaded_image1_1672682272.jpg
Aucune information,50000.0,"Dakar, Sénégal",https://images.coinafrique.com/thumb_4030997_uploaded_image1_1672682387.jpg
"Notre perruche ondulée est un oiseau domestique magnifique, avec un plumage coloré et des ailes ondulées caractéristiques. 
la perruche ondulée est également très intelligente et peut apprendre à imiter certaines phrases et sons. elle a besoin d'un minimum espace pour voler et s'exprimer, et a également besoin d'une alimentation saine et équilibrée pour rester en bonne santé. si vous cherchez un animal de compagnie unique et affectueux, notre perruche ondulée est le choix idéal. n'hésitez pas à nous contacter pour plus d'informations ou pour passer une commande.",20000.0,"Dakar, Sénégal",https://images.coinafrique.com/thumb_4033032_uploaded_image1_1672783609.jpg
"Notre perruche anglaise est un oiseau domestique magnifique et affectueux, avec un plumage coloré et des ailes puissantes. elle est très sociable et peut apprendre à imiter certaines phrases et sons. elle a besoin d'un grand espace pour voler et s'exprimer, et a également besoin d'une alimentation saine et équilibrée pour rester en bonne santé. si vous cherchez un animal de compagnie unique, notre perruche anglaise est le choix idéal. n'hésitez pas à nous contacter pour plus d'informations ou pour passer une commande.",50000.0,"Dieuppeul-Derklé, Dakar, Sénégal",https://images.coinafrique.com/thumb_4033120_uploaded_image1_1672788351.jpg
Cest un tres bon couple,15000.0,"Cambérène, Dakar, Sénégal",https://images.coinafrique.com/thumb_4034942_uploaded_image1_1672874900.jpg
Un très bon couple meunier,12000.0,"Cambérène, Dakar, Sénégal",https://images.coinafrique.com/thumb_4034954_uploaded_image1_1672875776.jpg
Tres bon couple,30000.0,"Cambérène, Dakar, Sénégal",https://images.coinafrique.com/thumb_4036533_uploaded_image1_1672950565.jpg
"Poussin d'un jour qui sera disponible le 6 mars pour la korité.
faites vos commandes yekh niak nak",35000.0,"Dakar, Sénégal",https://images.coinafrique.com/thumb_4041126_uploaded_image1_1673258391.jpg
Poulets de chairs de 2kg 2kg500 3kg 3kg500 4kg disponibles partout au sénégal,4000.0,"Ziguinchor, Sénégal",https://images.coinafrique.com/thumb_4044027_uploaded_image1_1673388793.jpg
"Bonjour je vend un couple cochin tout blanc très jolie avec le male très robuste et une femelle qui ponde ses premiers œufs  en ce moment , une occasion à saisir",950000.0,"Parcelle Assainies, Dakar, Sénégal",https://images.coinafrique.com/thumb_4050193_uploaded_image1_1673725687.jpg
"Bonjour je vend un couple cochin tout blanc très jolie avec le male très robuste et une femelle qui ponde ses premiers œufs  en ce moment , une occasion à saisir",95000.0,"Parcelle Assainies, Dakar, Sénégal",https://images.coinafrique.com/thumb_4050206_uploaded_image1_1673726092.jpg
"Bonjour je vend un couple cochin tout tres jolie , un male robuste plus une femelle qui ponde , je vend aussi un male metisse noir et blanc et aussi des dindes de chair poussin.",95000.0,"Parcelle Assainies, Dakar, Sénégal",https://images.coinafrique.com/thumb_4050293_uploaded_image1_1673730559.jpg
Des laperaux metisage  dispo a dakar,20000.0,"Mariste, Dakar, Sénégal",https://images.coinafrique.com/thumb_4052032_uploaded_image1_1673874541.jpg
Lapereau angora,10000.0,"Niaga, Sénégal",https://images.coinafrique.com/thumb_4054751_uploaded_image1_1674032700.jpg
Lapin femelle tête de lion a vendre,25000.0,"Mermoz-Sacré Coeur, Dakar, Sénégal",https://images.coinafrique.com/thumb_4060697_uploaded_image1_1674397870.jpg
Couple angora de 5mois,25000.0,"Niaga, Sénégal",https://images.coinafrique.com/thumb_4062470_uploaded_image1_1674512420.jpg
Aucune information,15000.0,"Rufisque, Sénégal",https://images.coinafrique.com/thumb_4069804_uploaded_image1_1675001928.jpg
Femelle angora,20000.0,"Niaga, Sénégal",https://images.coinafrique.com/thumb_4088341_uploaded_image1_1675964415.jpg
Aucune information,30000.0,"Dakar, Sénégal",https://images.coinafrique.com/thumb_4097932_uploaded_image1_1676574876.jpg
Ventes de poussins cou nu bleue hollandais démarrés à  1 mois 15 jours,2500.0,"Mbao, Dakar, Sénégal",https://images.coinafrique.com/thumb_4098076_uploaded_image1_1676582659.jpg
Aucune information,5000.0,"Dakar, Sénégal",https://images.coinafrique.com/thumb_4099352_uploaded_image1_1676659955.jpg
Aucune information,5000.0,"Dakar, Sénégal",https://images.coinafrique.com/thumb_4099353_uploaded_image1_1676660089.jpg
Coq brahma métisse trés robuste avec un joli mélange de couleur,43000.0,"Mbao, Dakar, Sénégal",https://images.coinafrique.com/thumb_4107161_uploaded_image1_1677172109.jpg
Voyageurs à manteau avec différentes couleurs,50000.0,"Cambérène, Dakar, Sénégal",https://images.coinafrique.com/thumb_4111707_uploaded_image1_1677517375.jpg
Mâle 2022 très bonne qualité,100000.0,"Cambérène, Dakar, Sénégal",https://images.coinafrique.com/thumb_4111710_uploaded_image1_1677517472.jpg
Trio brahma blanc herminé noir de 2 mois,70000.0,"Mbao, Dakar, Sénégal",https://images.coinafrique.com/thumb_4119858_uploaded_image1_1677937311.jpg
Lapereau unité 10mil,10000.0,"Niaga, Sénégal",https://images.coinafrique.com/thumb_4123300_uploaded_image1_1678175207.jpg
Lapin,15000.0,"Niaga, Sénégal",https://images.coinafrique.com/thumb_4125350_uploaded_image1_1678282298.jpg
Des couples diamant mandarin huppé,30000.0,"Point E, Dakar, Sénégal",https://images.coinafrique.com/thumb_4130101_uploaded_image1_1678546170.jpg
Je vends mon couple paon en plein production,55000.0,"Mariste, Dakar, Sénégal",https://images.coinafrique.com/thumb_4133025_uploaded_image1_1678744597.jpg
Texans importés très bonne souche,15000.0,"Cambérène, Dakar, Sénégal",https://images.coinafrique.com/thumb_4134077_uploaded_image1_1678808506.jpg
Lapereau géant fauve,25000.0,"Niaga, Sénégal",https://images.coinafrique.com/thumb_4134335_uploaded_image1_1678820167.jpg
Lapereau,10000.0,"Niaga, Sénégal",https://images.coinafrique.com/thumb_4145983_uploaded_image1_1679578952.jpg
"C’est repartie !
bonjour à tous avec la réouverture de la saison,
la ferme khady&mbarka mets à votre disposition des poussins d’inde.
à noter que nous vendons que des poussins qui ont minimum une semaine afin de réduire les risques de mortalités chez nos clients.
livraison possible sur thies , dakar et environs 
merci pour votre confiance ????",4000.0,"Thies, Sénégal",https://images.coinafrique.com/thumb_4148722_uploaded_image1_1679757295.jpg
Je vends mon couple paon indien,35000.0,"Mariste, Dakar, Sénégal",https://images.coinafrique.com/thumb_4155195_uploaded_image1_1680182497.jpg
Je vends mon couple pigeon à un prix fixe,10000.0,"Mariste, Dakar, Sénégal",https://images.coinafrique.com/thumb_4159080_uploaded_image1_1680434202.jpg
Aucune information,200000.0,"Cambérène, Dakar, Sénégal",https://images.coinafrique.com/thumb_4165971_uploaded_image1_1680795516.jpg
Jaol,15000.0,"Thies, Sénégal",https://images.coinafrique.com/thumb_4167562_uploaded_image1_1680885216.jpg
Jaol,15000.0,"Thies, Sénégal",https://images.coinafrique.com/thumb_4167567_uploaded_image1_1680885294.jpg
Aucune information,150000.0,"Thies, Sénégal",https://images.coinafrique.com/thumb_4167601_uploaded_image1_1680885984.jpg
De poulet dornemen,8000.0,"Touba, Sénégal",https://images.coinafrique.com/thumb_4170233_uploaded_image2_1681079258.jpeg
"Salam,je vend des chairs de très bonnes qualités pour la fête de korité.faites vos commandes incha allah",3500.0,"Cambérène, Dakar, Sénégal",https://images.coinafrique.com/thumb_4172814_uploaded_image1_1681236734.jpg
Jeune lahore disponible,15000.0,"Dakar, Sénégal",https://images.coinafrique.com/thumb_4177942_uploaded_image1_1681563067.jpg
Jeune boulant poméranie rouge. sexe non encore déterminé.,13000.0,"Mariste, Dakar, Sénégal",https://images.coinafrique.com/thumb_4178980_uploaded_image1_1681650252.jpg
Femelle,20000.0,"Mariste, Dakar, Sénégal",https://images.coinafrique.com/thumb_4178981_uploaded_image1_1681650331.jpg
Aucune information,35000.0,"Cambérène, Dakar, Sénégal",https://images.coinafrique.com/thumb_4186084_uploaded_image1_1682139045.jpg
Un mâle padda de java à vendre,20000.0,"Point E, Dakar, Sénégal",https://images.coinafrique.com/thumb_4191356_uploaded_image1_1682522033.jpg
Pigeon texan lieux mbour joal fadhioute,70000.0,"Mbour, Sénégal",https://images.coinafrique.com/thumb_4193114_uploaded_image1_1682634328.jpg
Des laperaux mâle metisage fauve demi géant,15000.0,"Mariste, Dakar, Sénégal",https://images.coinafrique.com/thumb_4195833_uploaded_image3_1682867699.jpeg
Pigeon menteau jaune et opale,20000.0,"Gueule Tapée, Dakar, Sénégal",https://images.coinafrique.com/thumb_4198961_uploaded_image1_1683046102.jpg
"Des manteaux opales à évacuer : jeune couple 6000,
beaucoup de couples disponibles !
yékh niak !",6000.0,"Mariste, Dakar, Sénégal",https://images.coinafrique.com/thumb_4202860_uploaded_image1_1683234964.jpg
"La ferme bay sa waar vous propose des cailleteaux d'un jour à 250 francs l'unité.
notre objectif est de proposer les prix les plus bas du marché pour permettre à nos clients d'accéder à la qualité a moindre coût.
passer vite vos commandes.",250.0,"Thies, Sénégal",https://images.coinafrique.com/thumb_4205412_uploaded_image1_1683385484.jpg
Des poussins bleue hollande disponible le 18 mai inchallah et pmmc vous dit merci.,35000.0,"Cambérène, Dakar, Sénégal",https://images.coinafrique.com/thumb_4206875_uploaded_image1_1683511573.jpg
Mâle démi géant des flandres,50000.0,"Niaga, Sénégal",https://images.coinafrique.com/thumb_4207913_uploaded_image1_1683574221.jpg
"Trio herminé 3 mois disponible

trio brahman herminé disponible a keur ndiaye lo rufisque",135000.0,"Dakar, Sénégal",https://images.coinafrique.com/thumb_4212808_uploaded_image1_1683879589.jpg
Un jeune mal cochin coucou gros gabarit a vendre a un prix trés abordable en plus il a commencé à cocher les femelles,45000.0,"Yoff, Dakar, Sénégal",https://images.coinafrique.com/thumb_4218824_uploaded_image1_1684270289.jpg
Une paire de pigeon disponible,7000.0,"Ouakam, Dakar, Sénégal",https://images.coinafrique.com/thumb_4222721_uploaded_image1_1684515659.jpg
Pigeon voyageur disponible,7000.0,"Ouakam, Dakar, Sénégal",https://images.coinafrique.com/thumb_4222723_uploaded_image1_1684515810.jpg
Tambour allemand,50000.0,"Dakar, Sénégal",https://images.coinafrique.com/thumb_4223933_uploaded_image1_1684609709.jpg
Femelle 2023,500000.0,"Dakar, Sénégal",https://images.coinafrique.com/thumb_4230459_uploaded_image1_1685044108.jpg
Aucune information,35000.0,"Dakar, Sénégal",https://images.coinafrique.com/thumb_4230722_uploaded_image1_1685059185.jpg
Aucune information,50000.0,"Dakar, Sénégal",https://images.coinafrique.com/thumb_4240446_uploaded_image1_1685727771.jpg
Poussins brahman disponible à keur massar couvés naturellement. paires 15000fcfa. mâle et femelle sur la photo,30000.0,"Keur Massar, Sénégal",https://images.coinafrique.com/thumb_4243414_uploaded_image1_1685971475.jpg
Salam j mes en vente c femmel fauve de bourgogne de race pure sang père importé de 2 mois es demi,45000.0,"Mariste, Dakar, Sénégal",https://images.coinafrique.com/thumb_4244917_uploaded_image1_1686063555.jpg
De jolis poussins cochins issus de ce couple sont disponibles,7500.0,"Pikine, Sénégal",https://images.coinafrique.com/thumb_4255246_uploaded_image1_1686680990.jpg
Des bleu hollandais,7000.0,"Mbao, Dakar, Sénégal",https://images.coinafrique.com/thumb_4224766_uploaded_image3_1684691526.jpeg
Femelle,30000.0,"Niaga, Sénégal",https://images.coinafrique.com/thumb_4268327_uploaded_image1_1687541319.jpg
Lapereau,10000.0,"Niaga, Sénégal",https://images.coinafrique.com/thumb_4268955_uploaded_image1_1687603560.jpg
Pigeon boulan pure sang produit très vite et à un prix abordable et à qui on peut venir le regarder,45000.0,"Louga, Sénégal",https://images.coinafrique.com/thumb_4277890_uploaded_image1_1688316619.jpg
Métisse entre un mondain pure sang et un boulan pure sang en qualité et en quantité,15000.0,"Louga, Sénégal",https://images.coinafrique.com/thumb_4277905_uploaded_image1_1688318584.jpg
Je vends des poulets de chaire livraison gratuite,4000.0,"Keur Massar, Sénégal",https://images.coinafrique.com/thumb_4283570_uploaded_image1_1688648209.jpg
Couple pigeon blanchette messager,25000.0,"Rufisque, Sénégal",https://images.coinafrique.com/thumb_4286623_uploaded_image1_1688830929.jpg
Bleu holland pondeuse,6000.0,"Rufisque, Sénégal",https://images.coinafrique.com/thumb_4287658_uploaded_image1_1688923156.jpg
"Je vends ma lapine d’un an de race pure. bonne reproductrice 
a venir récupérer de préférence",30000.0,"Ouakam, Dakar, Sénégal",https://images.coinafrique.com/thumb_4289564_uploaded_image1_1689066044.jpg
"Mâle hermine pur sang 
7 mois 
à vendre",60000.0,"Rufisque, Sénégal",https://images.coinafrique.com/thumb_4290479_uploaded_image1_1689101063.jpg
"Brahmane caillouté
- brahmane porcelaine 
- cochain caillouté 
- cochin porcelain 
- disponible à vendre",30000.0,"Rufisque, Sénégal",https://images.coinafrique.com/thumb_4290482_uploaded_image1_1689101216.jpg
"Une femmelle productrice de race : géant des
flandres
et ses 2 enfants mal dont leurs mère 100% géant et leur pere métisse angora géant
et une cage étagère si vous êtes prêt venez le 
prendre à domicile
pour plus d’info vir pv whatsapp",80000.0,"Dakar, Sénégal",https://images.coinafrique.com/thumb_4296184_uploaded_image1_1689472721.jpg
femelle de 5mois nain tête de lion à récupérer,15000.0,"Ouakam, Dakar, Sénégal",https://images.coinafrique.com/thumb_4298076_uploaded_image1_1689619080.jpg
Couple,40000.0,"Niaga, Sénégal",https://images.coinafrique.com/thumb_4312499_uploaded_image1_1690566200.jpg
Lapereau,10000.0,"Niaga, Sénégal",https://images.coinafrique.com/thumb_4333705_uploaded_image1_1691943760.jpg
Petit papillon français lignée importé,90000.0,"Rufisque, Sénégal",https://images.coinafrique.com/thumb_4347215_uploaded_image1_1692800912.jpg
Des pigeons de races de très qualité( importés) disponible.,350000.0,"Cambérène, Dakar, Sénégal",https://images.coinafrique.com/thumb_4368566_uploaded_image1_1694179237.jpg
Femelle,10000.0,"Parcelle Assainies, Dakar, Sénégal",https://images.coinafrique.com/thumb_4368816_uploaded_image1_1694188598.jpg
Couple culbutan francais  reproducteurs,50000.0,"Dakar, Sénégal",https://images.coinafrique.com/thumb_4378163_uploaded_image1_1694787558.jpg
Aucune information,10000.0,"Parcelle Assainies, Dakar, Sénégal",https://images.coinafrique.com/thumb_4381621_uploaded_image1_1695057585.jpg
Femelle,20000.0,"Niaga, Sénégal",https://images.coinafrique.com/thumb_4384422_uploaded_image1_1695232906.jpg
Je vide mes poules de races brahman pour cause de départ,25000.0,"Medina, Dakar, Sénégal",https://images.coinafrique.com/thumb_4389249_uploaded_image1_1695564020.jpg
"Caisse de 50 poussins de chairs : 26 500 fr cfa 
ces prix ont été fixés en fonction de notre coût de production unitaire et en tenant compte du prix des concurrents.",26500.0,"Pikine, Sénégal",https://images.coinafrique.com/thumb_4399877_uploaded_image1_1696286458.jpg
Pigeon voyageur qui sort des couleur d'une beautèe rare,8000.0,"Rufisque, Sénégal",https://images.coinafrique.com/thumb_4406771_uploaded_image1_1696680728.jpg
Pigeon voyageur qui sort des couleurs rare:  jaune rouge et.c,8000.0,"Rufisque, Sénégal",https://images.coinafrique.com/thumb_4406776_uploaded_image1_1696680924.jpg
Lapin jeune couple papillon et métisse géant avec livraison incluse,35000.0,"Mbao, Dakar, Sénégal",https://images.coinafrique.com/thumb_4408360_uploaded_image1_1696785290.jpg
Pigeon à vendre,2000.0,"Grand Yoff, Dakar, Sénégal",https://images.coinafrique.com/thumb_4418898_uploaded_image1_1697460446.jpg
Pigeon voyageur,5000.0,"Grand Yoff, Dakar, Sénégal",https://images.coinafrique.com/thumb_4418908_uploaded_image1_1697461394.jpg
Pigeons avec des plumes aux pattes,3000.0,"Grand Yoff, Dakar, Sénégal",https://images.coinafrique.com/thumb_4418917_uploaded_image1_1697461219.jpg
Pigeon voyageur de compétition deux couleurs,15000.0,"Grand Yoff, Dakar, Sénégal",https://images.coinafrique.com/thumb_4418928_uploaded_image1_1697461664.jpg
Je vends des mâles cochons d'inde de très belles couleurs a keur massar rond point gouy gui,15000.0,"Keur Massar, Sénégal",https://images.coinafrique.com/thumb_4425812_uploaded_image1_1697988348.jpg
Lapereau,10000.0,"Niaga, Sénégal",https://images.coinafrique.com/thumb_4425850_uploaded_image1_1697991508.jpg
Lapereau,10000.0,"Niaga, Sénégal",https://images.coinafrique.com/thumb_4433087_uploaded_image1_1698427048.jpg
Jeune femelle a vendre et son cage pour plus d’info contactez-moi,40000.0,"Guediawaye, Dakar, Sénégal",https://images.coinafrique.com/thumb_4464349_uploaded_image1_1700417993.jpg
Pigeons lahor grand gabrie couple qui a commencé à produire dans la saison passe fait mois signe sur watshap plus de photo et de vidéo machaalla mbour joal fadhioute mbour sénégal livraison gratuite et partout au sénégal a mbour joal fadhioute pigeon granadino ibériques comment vas lep diam,40000.0,"Mbour, Sénégal",https://images.coinafrique.com/thumb_4471579_uploaded_image1_1700864120.jpg
Pigeon king blanc sec pigeon de race importés couple king blanc sec qui a commencé a produire nouveau souche gros gabrie adresse mbour joal fadhioute mbour sénégal livraison gratuite,75000.0,"Mbour, Sénégal",https://images.coinafrique.com/thumb_4471585_uploaded_image1_1700864393.jpg
Lapin angora male de 8 mois.,18000.0,"Diamniadio, Sénégal",https://images.coinafrique.com/thumb_4473399_uploaded_image1_1701019994.jpg
Je vends mon lapin angora male de 8 mois à sebikotane,8000.0,"Diamniadio, Sénégal",https://images.coinafrique.com/thumb_4473413_uploaded_image1_1701020741.jpg
Adulte,40000.0,"Dakar, Sénégal",https://images.coinafrique.com/thumb_4505989_uploaded_image1_1702996795.jpg
Aucune information,40000.0,"Dakar, Sénégal",https://images.coinafrique.com/thumb_4505997_uploaded_image1_1702997024.jpg
"Gros poulets de 45 jours minimum. quantité et qualité, contactez nous",3500.0,"Dakar, Sénégal",https://images.coinafrique.com/thumb_4509252_uploaded_image1_1703175319.jpg
Aucune information,80000.0,"Mariste, Dakar, Sénégal",https://images.coinafrique.com/thumb_4512680_uploaded_image1_1703431761.jpg
Trois femmel demi sang geant flandre,35000.0,"Mariste, Dakar, Sénégal",https://images.coinafrique.com/thumb_4517612_uploaded_image1_1703770805.jpg
Je vend des pigeons  moins  cher,5000.0,"Sicap Liberté, Dakar, Sénégal",https://images.coinafrique.com/thumb_4542193_uploaded_image1_1705080975.jpg
Je vend  des pigeons moins  cher,5000.0,"Sicap Liberté, Dakar, Sénégal",https://images.coinafrique.com/thumb_4542217_uploaded_image1_1705082041.jpg
Aucune information,60000.0,"Mariste, Dakar, Sénégal",https://images.coinafrique.com/thumb_4545200_uploaded_image1_1705269534.jpg
Couple king bague,60000.0,"Mariste, Dakar, Sénégal",https://images.coinafrique.com/thumb_4548383_uploaded_image1_1705424797.jpg
"Vente de poulets de chairs reproducteurs parentaux 2 mois et demis
 à 5 mois les poules pourront reproduire avec les mâles",5000.0,"Mbao, Dakar, Sénégal",https://images.coinafrique.com/thumb_4555523_uploaded_image1_1705793143.jpg
Lapereau,10000.0,"Lac rose, Sénégal",https://images.coinafrique.com/thumb_4556321_uploaded_image1_1705859521.jpg
Aucune information,160000.0,"Grand Yoff, Dakar, Sénégal",https://images.coinafrique.com/thumb_4561395_uploaded_image1_1706128448.jpg
Jeune paire pigeon lahor,20000.0,"Rufisque, Sénégal",https://images.coinafrique.com/thumb_4565457_uploaded_image1_1706369680.jpg
Lapereaux 100000,100000.0,"Keur Massar, Sénégal",https://images.coinafrique.com/thumb_4587998_uploaded_image1_1707587252.jpg
Jeune couple mondain noir disponible baguée 2024 standard,170000.0,"Guediawaye, Dakar, Sénégal",https://images.coinafrique.com/thumb_4598304_uploaded_image1_1708179510.jpg
Poussin maran au,10000.0,"Dakar, Sénégal",https://images.coinafrique.com/thumb_4603800_uploaded_image1_1708477906.jpg
Brahman bleu lemon pur sang,40000.0,"Dakar, Sénégal",https://images.coinafrique.com/thumb_4612273_uploaded_image1_1708946489.jpg
"Poulets de chairs de bonne qualités déjà nettoyés.
poids compris entre 1kg900 2kg 2kg100 et plus",3500.0,"Rufisque, Sénégal",https://images.coinafrique.com/thumb_4612683_uploaded_image1_1708957200.jpg
Poussins oie de toulouse disponible pour plus d’info contactez-moi,35000.0,"Guediawaye, Dakar, Sénégal",https://images.coinafrique.com/thumb_4619799_uploaded_image1_1709296095.jpg
Aucune information,15000.0,"Dakar, Sénégal",https://images.coinafrique.com/thumb_4624891_uploaded_image1_1709566248.jpg
Brahma à vendre en urgence. Urgence. Envoyez un message sur Whatsapp si vous êtes intéressés svp svp.,25000.0,"Dakar, Sénégal",https://images.coinafrique.com/thumb_4644724_uploaded_image1_1710589505.jpg
Aucune information,80000.0,"Mbao, Dakar, Sénégal",https://images.coinafrique.com/thumb_4650066_uploaded_image1_1710871182.jpg
"Vente d'œufs bleus hollandais à couver
en gros  et par tablette",12500.0,"Mbao, Dakar, Sénégal",https://images.coinafrique.com/thumb_4651892_uploaded_image1_1710962341.jpg
Salam les amis éleveurs je mets à votre disposition de jolis couples mondains jeunes et adulte standard issu d'une production de souches importées allant du bleu à lopal .veuillez me confiez vos désirs je saurais les satisfaires inshaa allah!,225000.0,"Rufisque, Sénégal",https://images.coinafrique.com/thumb_4653298_uploaded_image1_1711039158.jpg
"Salut
je vends de jolis couple de pigeon de la race texan",80000.0,"Rufisque, Sénégal",https://images.coinafrique.com/thumb_4653331_uploaded_image1_1711039616.jpg
"Salam la famille ,
aujourd'hui je vous présente mes pigeons de chairs issus de plusieurs années de sélections 
les critères recherchés étaient : une masse pondérale assez importante, de bon parents, une croissance rapide , et une bonne résistance au maladie.
après un travail de longue date je vous propose des sujets prêtent pour vos projets de production de viande de pigeon bio de qualité mais aussi de bon nourriciers au cas où vous possédez d'autres races. veuillez bien me contacter pour plus dinfo merci!",50000.0,"Rufisque, Sénégal",https://images.coinafrique.com/thumb_4662585_uploaded_image1_1711547077.jpg
Pigeon mondain bleu andalou,300.0,"Cambérène, Dakar, Sénégal",https://images.coinafrique.com/thumb_4664895_uploaded_image1_1711663431.jpg
Femelle andalou disponible année 2023,250000.0,"Guediawaye, Dakar, Sénégal",https://images.coinafrique.com/thumb_4667144_uploaded_image1_1711815313.jpg
Salut couple mondain écailler noir disponible année 2024 sur la bague,170000.0,"Guediawaye, Dakar, Sénégal",https://images.coinafrique.com/thumb_4685152_uploaded_image1_1712756876.jpg
Aucune information,15000.0,"Dakar, Sénégal",https://images.coinafrique.com/thumb_4690857_uploaded_image1_1713063525.jpg
Aucune information,13500.0,"Guediawaye, Dakar, Sénégal",https://images.coinafrique.com/thumb_4703012_uploaded_image1_1713680804.jpg
Aucune information,35000.0,"Dakar, Sénégal",https://images.coinafrique.com/thumb_4704120_uploaded_image1_1713750109.jpg
Bonjour je vend une paire de lapin angora pure sang a un prix tres abordable,20000.0,"Mamelles, Dakar, Sénégal",https://images.coinafrique.com/thumb_4714367_uploaded_image1_1714245668.jpg
Nègre de soie unité 35.000,35000.0,"Almadies, Dakar, Sénégal",https://images.coinafrique.com/thumb_4723223_uploaded_image1_1714727157.jpg
"Délectez-vous de la qualité supérieure avec notre sélection de poulets de chair premium. élevés avec soin et nourris de manière naturelle, nos poulets offrent une tendresse inégalée et une saveur exquise à chaque bouchée. que ce soit pour un repas en famille ou une soirée entre amis, nos poulets sont la garantie d'un festin mémorable. savourez l'excellence à chaque plat et découvrez une nouvelle dimension de plaisir culinaire. commandez dès maintenant et faites l'expérience du goût authentique à son meilleur !",1500.0,"Mbao, Dakar, Sénégal",https://images.coinafrique.com/thumb_4696598_uploaded_image1_1713352074.jpg
Produit de bon qualité,2500.0,"Dakar, Sénégal",https://images.coinafrique.com/thumb_4767951_uploaded_image1_1716976720.jpg
je vends des brahma de lignèes pures adulte et jeuné disponible stock limité contactez moi sur whatsapp,95000.0,"Rufisque, Sénégal",https://images.coinafrique.com/thumb_4807398_uploaded_image1_1719187421.jpg
Aucune information,3500.0,"Saint Louis, Sénégal",https://images.coinafrique.com/thumb_4807968_uploaded_image1_1719229010.jpg
Vente flash trois hermines femelles et deux cochins males,500.0,"Mermoz-Sacré Coeur, Dakar, Sénégal",https://images.coinafrique.com/thumb_4817873_uploaded_image1_1719747122.jpg
Lapereaux métisse géant et californien 3 mois disposition a diamaguene dakar paire 15000f. unité 8000f intéressé contactez,15000.0,"Mbao, Dakar, Sénégal",https://images.coinafrique.com/thumb_4829597_uploaded_image1_1720290196.jpg
Des jeunes mondains indigo/écaillé noir,150000.0,"Thiaroye, Sénégal",https://images.coinafrique.com/thumb_4840128_uploaded_image1_1720797760.jpg
Couple Pigeon Mondain Blanc,70000.0,"Mbao, Dakar, Sénégal",https://images.coinafrique.com/thumb_4853197_uploaded_image1_1721514569.jpg
Aucune information,20000.0,"Mermoz-Sacré Coeur, Dakar, Sénégal",https://images.coinafrique.com/thumb_4860848_uploaded_image1_1721930260.jpg
Aucune information,35000.0,"Mermoz-Sacré Coeur, Dakar, Sénégal",https://images.coinafrique.com/thumb_4860862_uploaded_image1_1721930737.jpg
Couple mondain noir en production disponible et d’autres sont aussi disponible,170000.0,"Guediawaye, Dakar, Sénégal",https://images.coinafrique.com/thumb_4862270_uploaded_image1_1722006320.jpg
Des lapins nains très adorables,30000.0,"Parcelle Assainies, Dakar, Sénégal",https://images.coinafrique.com/thumb_4865409_uploaded_image1_1722221284.jpg
"couples lapins demi sang angora de 4 mois
couple à 15 mil",15000.0,"Pikine, Sénégal",https://images.coinafrique.com/thumb_4932369_uploaded_image1_1725702422.jpg
Deux couple voyageur disponible à 25000f,25000.0,"Mariste, Dakar, Sénégal",https://images.coinafrique.com/thumb_4936241_uploaded_image1_1725920934.jpg
Aucune information,10000.0,"Hann Bel-Air, Dakar, Sénégal",https://images.coinafrique.com/thumb_4942161_uploaded_image1_1726204258.jpg
Un très bon couple,15000.0,"Mariste, Dakar, Sénégal",https://images.coinafrique.com/thumb_4946878_uploaded_image1_1726499637.jpg
Métis californien de 2 mois,15000.0,"Keur Massar, Sénégal",https://images.coinafrique.com/thumb_4966470_uploaded_image1_1727557573.jpg
"Paire de lapins metisses angora avec un grand gabarit à vendre
age 5 mois
prix couple 15k
visible à pikine
livraison possible",15000.0,"Pikine, Sénégal",https://images.coinafrique.com/thumb_4981240_uploaded_image1_1728309289.jpg
Pigeons paon indien disponible,10000.0,"Patte d'oie, Dakar, Sénégal",https://images.coinafrique.com/thumb_4996843_uploaded_image1_1729085675.jpg
lapin mâle très virile avec un bon gabarit à vendre..,15000.0,"Pikine, Sénégal",https://images.coinafrique.com/thumb_5000540_uploaded_image1_1729260478.jpg
Aucune information,15000.0,"Mbour, Sénégal",https://images.coinafrique.com/thumb_5043101_uploaded_image1_1731565347.jpg
"Vente de poulet herminé 
adultes et poussins",45000.0,"Pikine, Sénégal",https://images.coinafrique.com/thumb_5044135_uploaded_image1_1731603018.jpg
Couple adulte métisses géant et fauve,35000.0,"Pikine, Sénégal",https://images.coinafrique.com/thumb_5064256_uploaded_image1_1732714222.jpg
couple boulon de saxe,45000.0,"Mariste, Dakar, Sénégal",https://images.coinafrique.com/thumb_5069958_uploaded_image1_1733056070.jpg
Jeune couple mondain noir disponible,150000.0,"Guediawaye, Dakar, Sénégal",https://images.coinafrique.com/thumb_5078519_uploaded_image1_1733444790.jpg
vente de poussin brahman pur 100,25000.0,"Pikine, Sénégal",https://images.coinafrique.com/thumb_5080703_uploaded_image1_1733571477.jpg
"Salam aleykoum la famille. 
je mets à votre disposition de jolies couples de mondains standard les prix varient selon la demande",200000.0,"Rufisque, Sénégal",https://images.coinafrique.com/thumb_5085521_uploaded_image1_1733851166.jpg
Couple lahore lavande adulte disponible me contacter pour plus de détails,30000.0,"Patte d'oie, Dakar, Sénégal",https://images.coinafrique.com/thumb_5088564_uploaded_image1_1734010113.jpg
Aucune information,36000.0,"Dakar, Sénégal",https://images.coinafrique.com/thumb_5107651_uploaded_image1_1735215733.jpg
Lapin mâle à dakar,12000.0,"Diamniadio, Sénégal",https://images.coinafrique.com/thumb_5119494_uploaded_image1_1736025705.jpg
Lapin mâle,12000.0,"Diamniadio, Sénégal",https://images.coinafrique.com/thumb_5119498_uploaded_image1_1736025924.jpg
Jeune couple mondain noir disponible,150000.0,"Guediawaye, Dakar, Sénégal",https://images.coinafrique.com/thumb_5121788_uploaded_image1_1736179154.jpg
Des poussins brahman herminé standard disponible 10k l'unité,10000.0,"Dakar, Sénégal",https://images.coinafrique.com/thumb_5179009_uploaded_image1_1739192841.jpg
Nous mettons en vente des lapins de race californien pure en vente. merci de nous contacter sur ce numéro et sur whatsapp pour plus de détails.,120000.0,"Almadies 2, Dakar, Sénégal",https://images.coinafrique.com/thumb_5189123_uploaded_image1_1739781768.jpg
Métis californien d'un mois,10000.0,"Keur Massar, Sénégal",https://images.coinafrique.com/thumb_5198096_uploaded_image1_1740225080.jpg
Aucune information,50000.0,"Dakar, Sénégal",https://images.coinafrique.com/thumb_5202384_uploaded_image1_1740482590.jpg
Mâle métis californien d'un an,25000.0,"Keur Massar, Sénégal",https://images.coinafrique.com/thumb_5225208_uploaded_image1_1741633076.jpg
Jeune male king indigo tres forte gabarie,100000.0,"Sicap Liberté, Dakar, Sénégal",https://images.coinafrique.com/thumb_5246700_uploaded_image1_1742737554.jpg
Aucune information,12500.0,"Mbour, Sénégal",https://images.coinafrique.com/thumb_5276065_uploaded_image1_1744311662.jpg
"Salut,
des poules de race brahma et cochins sont disponibles en différentes colories (herminé, caillouté, porcelaine, coucou, bleu , blanc entre autres)  possibilité de commander des poussins , jeune ou adultes",25000.0,"Dakar, Sénégal",https://images.coinafrique.com/thumb_5280953_uploaded_image1_1744629489.jpg
Couples texan en production disponible,30000.0,"Thies, Sénégal",https://images.coinafrique.com/thumb_5290537_uploaded_image1_1745182886.jpg
Couple braman hermine a vendre,90000.0,"Parcelle Assainies, Dakar, Sénégal",https://images.coinafrique.com/thumb_5329869_uploaded_image1_1747329370.jpg
Couple braman hermine disponible,90000.0,"Parcelle Assainies, Dakar, Sénégal",https://images.coinafrique.com/thumb_5329879_uploaded_image1_1747329681.jpg
Couple mondain adulte 2024,200000.0,"Pikine, Sénégal",https://images.coinafrique.com/thumb_5337087_uploaded_image1_1747753115.jpg
Poule ornements  importer d'italie,50000.0,"Thies, Sénégal",https://images.coinafrique.com/thumb_5344600_uploaded_image1_1748179147.jpg
Métis californien de 2 mois,10000.0,"Keur Massar, Sénégal",https://images.coinafrique.com/thumb_5350705_uploaded_image1_1748514803.jpg
Poulet padovani de 3 mois  eufs importé,45000.0,"Louga, Sénégal",https://images.coinafrique.com/thumb_5353407_uploaded_image1_1748690625.jpg
Métis californien de 3 mois,15000.0,"Keur Massar, Sénégal",https://images.coinafrique.com/thumb_5364052_uploaded_image1_1749295289.jpg
Couple voyageur disponible prix 15mil intéressé pv watsapp,15000.0,"Mariste, Dakar, Sénégal",https://images.coinafrique.com/thumb_5381347_uploaded_image1_1750286641.jpg
Des coqs de plus 3kg à biscuiterie,8000.0,"Biscuiterie, Dakar, Sénégal",https://images.coinafrique.com/thumb_5394586_uploaded_image1_1751020727.jpg
Ce sont  des poussins qui auront bientôt un mois et de couleur fauve  ou  herminé.,15000.0,"Keur Massar, Sénégal",https://images.coinafrique.com/thumb_5402120_uploaded_image1_1751449791.jpg
Ce sont des poussins frisés de qualité qui auront bientôt un mois et de couleur fauve ou herminin,15000.0,"Keur Massar, Sénégal",https://images.coinafrique.com/thumb_5402124_uploaded_image1_1751450050.jpg
je mets en vente des poussins de brahmas bleus et argentés importés dont les parents sont visibles sur les photos.,10000.0,"Diamalaye 2, Dakar, Sénégal",https://images.coinafrique.com/thumb_5404325_uploaded_image1_1751544553.jpg
"Couple poussins brahma blanc herminé noir, déjà vaccinés, de 02mois 01semaine, dispo.
la race brahma est considérée comme la race de poule géante. le brahma est la plus imposante parmi la race des poules géantes. et pourtant elle a un tempérament calme et cohabite aisément avec d'autres animaux. la race brahma convient aux enfantset à la famille..",25000.0,"Dieuppeul-Derklé, Dakar, Sénégal",https://images.coinafrique.com/thumb_5414572_uploaded_image1_1752060211.jpg
"Poussins frisés à fri
Disponible actuellement",15000.0,"Keur Massar, Sénégal",https://images.coinafrique.com/thumb_5430818_uploaded_image1_1752929676.jpg
Métis californien de 4 mois,25000.0,"Keur Massar, Sénégal",https://images.coinafrique.com/thumb_5437884_uploaded_image1_1753306013.jpg
"Lapins à vendre
tout noir : angora demi-sang géant de flandre 
couleur : rex tricolore demi-sang géant papillon français",35000.0,"Almadies, Dakar, Sénégal",https://images.coinafrique.com/thumb_5465434_uploaded_image1_1754648894.jpg
Pigeon culbtant volga,30000.0,"Fatick, Sénégal",https://images.coinafrique.com/thumb_5497140_uploaded_image1_1756393034.jpg
Un couple de pigeon manteau noir,15000.0,"Ouakam, Dakar, Sénégal",https://images.coinafrique.com/thumb_5497155_uploaded_image1_1756393487.jpg
Un couplé mondain meunier et rouge,100000.0,"Ouakam, Dakar, Sénégal",https://images.coinafrique.com/thumb_5497172_uploaded_image1_1756394052.jpg
Texans pionnier,40000.0,"Ouakam, Dakar, Sénégal",https://images.coinafrique.com/thumb_5497183_uploaded_image1_1756394350.jpg
Je vends toute sorte de pigeon de race,100000.0,"Parcelle Assainies, Dakar, Sénégal",https://images.coinafrique.com/thumb_5458528_uploaded_image1_1754315737.jpg
Jeune couple mondain disponible,120000.0,"Guediawaye, Dakar, Sénégal",https://images.coinafrique.com/thumb_5507606_uploaded_image1_1756942550.jpg
Jeune couple mondain disponible,120000.0,"Guediawaye, Dakar, Sénégal",https://images.coinafrique.com/thumb_5507608_uploaded_image1_1756942600.jpg
"Des lapereaux de race pure, parents importés",40000.0,"Keur Massar, Sénégal",https://images.coinafrique.com/thumb_5514578_uploaded_image2_1757331557.jpeg
"À vendre – 2 pigeons reproducteurs

je vends deux pigeons reproducteurs en bonne santé.


habitués à la volière, faciles à nourrir.

 prix : 20 000frcfa (les deux)",15000.0,"Ouest Foire, Dakar, Sénégal",https://images.coinafrique.com/thumb_5521622_uploaded_image1_1757666321.jpg
"Couple mondain bague 2024
male: bleu barré; femelle: bleu écaillé
gros gabarit et belle robe",130000.0,"HLM, Dakar, Sénégal",https://images.coinafrique.com/thumb_5541428_uploaded_image1_1758715216.jpg
Femmel av ou echange avec des lapin  vos propos,30000.0,"Mariste, Dakar, Sénégal",https://images.coinafrique.com/thumb_5587969_uploaded_image1_1761236540.jpg
"Salam la famille 
si vous avez besoin de couples de voyageurs de qualités exceptionnelle vous êtes au bon endroit. 
veuillez me contacter pour plus dinfo",20000.0,"Rufisque, Sénégal",https://images.coinafrique.com/thumb_5642510_uploaded_image1_1764173213.jpg
Y,300.0,"Thies, Sénégal",https://images.coinafrique.com/thumb_5648409_uploaded_image1_1764510412.jpg
"3394 poulettes pré ponte de 124 jours totalement vaccinées en très bonne santé qui ont déjà commencé à pondre leurs premiers œufs depuis le 24 novembre 2025
prix 5000 f l’unité disponibles â dieuleuk service notto gouye diama",5000.0,"Dakar, Sénégal",https://images.coinafrique.com/thumb_5655142_uploaded_image2_1764832679.jpeg
"Je vends deux paires de pigeon king  adultes 
la paire à 60000fr",60000.0,"Mbao, Dakar, Sénégal",https://images.coinafrique.com/thumb_5669544_uploaded_image1_1765545674.jpg
